Id,County,State,Estimate; EDUCATIONAL ATTAINMENT - Population 25 years and over - Graduate or professional degree,Percent; EDUCATIONAL ATTAINMENT - Percent bachelor's degree or higher,Estimate; EMPLOYMENT STATUS - Population 16 years and over - In labor force - Armed Forces,Percent; EMPLOYMENT STATUS - Civilian labor force - Percent Unemployed,Estimate; INCOME AND BENEFITS (IN 2014 INFLATION-ADJUSTED DOLLARS) - Per capita income (dollars),Estimate; INCOME AND BENEFITS (IN 2014 INFLATION-ADJUSTED DOLLARS) - Median earnings for workers (dollars),"Estimate; INCOME AND BENEFITS (IN 2014 INFLATION-ADJUSTED DOLLARS) - Median earnings for male full-time, year-round workers (dollars)",Estimate; YEAR HOUSEHOLDER MOVED INTO UNIT - Occupied housing units - Moved in 2000 to 2009,Estimate; VALUE - Owner-occupied units - Median (dollars),Estimate; GROSS RENT - Occupied units paying rent - Median (dollars),Estimate; SEX AND AGE - 65 years and over,Estimate; HISPANIC OR LATINO AND RACE - Total population - Not Hispanic or Latino - White alone
0500000US08001,Adams County, Colorado,19555,21.6,340,9.3,24667,31538,46563,71542,189400,1003,41434,242237
0500000US08003,Alamosa County, Colorado,965,24.1,0,10.7,19481,16810,41821,2328,142100,622,1926,7969
0500000US08005,Arapahoe County, Colorado,54364,39.4,1641,8.1,33574,34440,52411,96819,235600,1029,65695,373627
0500000US08007,Archuleta County, Colorado,1121,35.3,0,9.2,28506,24752,39868,2623,264300,914,2417,9407
0500000US08009,Baca County, Colorado,119,16.1,0,3.7,22558,24199,33924,582,71500,526,930,3244
0500000US08011,Bent County, Colorado,118,7.5,0,10.1,15402,29415,32448,610,69800,706,910,3181
0500000US08013,Boulder County, Colorado,52123,58.2,98,6.9,38524,31147,65489,49870,358000,1149,33793,240384
0500000US08014,Broomfield County, Colorado,6942,49.5,0,6,38706,42784,67396,10331,284100,1248,6487,46425
0500000US08015,Chaffee County, Colorado,1759,34.2,0,6.1,27467,25340,42129,3366,265700,817,4085,15553
0500000US08017,Cheyenne County, Colorado,71,21.8,0,5.8,23415,25857,40909,301,84200,600,254,1776
0500000US08019,Clear Creek County, Colorado,1082,40.8,10,7.3,42446,39610,60046,1613,273400,795,1458,8323
0500000US08021,Conejos County, Colorado,294,20.2,0,9.2,18247,25552,43028,927,111000,538,1359,3565
0500000US08023,Costilla County, Colorado,249,18.2,0,15.1,20592,21343,31016,390,101200,614,867,1128
0500000US08025,Crowley County, Colorado,134,10.5,0,28.8,11726,17767,40865,478,73700,600,631,3177
0500000US08027,Custer County, Colorado,464,34.8,0,12.8,25842,20161,35352,1174,215400,692,1205,3996
0500000US08029,Delta County, Colorado,1342,18.9,0,12.1,24590,24364,50939,5276,190500,810,6754,25008
0500000US08031,Denver County, Colorado,75376,43.7,370,7.8,34423,33810,49270,108311,257500,913,67030,334981
0500000US08033,Dolores County, Colorado,57,21.7,0,8.1,21543,25652,41364,263,117400,643,398,1530
0500000US08035,Douglas County, Colorado,35144,55.9,332,4.7,44105,50950,82285,56789,340300,1353,25669,253272
0500000US08037,Eagle County, Colorado,4168,47.3,28,5,39355,35532,48844,9197,435600,1231,3579,35099
0500000US08041,El Paso County, Colorado,55933,35.2,27458,9.3,29314,30618,49511,103401,214300,941,68952,458845
0500000US08039,Elbert County, Colorado,1354,29.5,18,7.4,36421,37889,62085,3954,327300,1109,2729,21256
0500000US08043,Fremont County, Colorado,2124,15.9,90,9.2,19161,22221,42280,6900,157400,697,8830,35995
0500000US08045,Garfield County, Colorado,3399,29.3,49,7.6,27022,31176,49209,10170,290600,1111,5485,39067
0500000US08047,Gilpin County, Colorado,474,29.5,0,5.7,37375,34009,54141,1022,260000,1043,523,4934
0500000US08049,Grand County, Colorado,916,36.3,0,5.5,31713,33376,44289,2154,292700,982,1807,12773
0500000US08051,Gunnison County, Colorado,1324,54.4,0,8.8,27070,22290,41378,2809,325800,882,1522,13676
0500000US08053,Hinsdale County, Colorado,114,41.3,0,4.2,36046,27740,36250,216,264800,722,283,835
0500000US08055,Huerfano County, Colorado,675,28.9,0,14.3,23440,19895,42106,1221,154700,682,1760,4022
0500000US08057,Jackson County, Colorado,58,17.5,0,1.3,25818,29833,34896,275,124800,708,285,1122
0500000US08059,Jefferson County, Colorado,57411,41.1,246,7,36427,38108,58442,87774,267200,1008,74471,432475
0500000US08061,Kiowa County, Colorado,48,19.4,1,3.2,22173,21182,34531,211,76400,683,253,1248
0500000US08063,Kit Carson County, Colorado,257,13.9,3,6.5,21330,25377,38615,1064,121600,644,1411,6099
0500000US08067,La Plata County, Colorado,5750,43.4,8,6,31016,27627,48609,9616,333100,1026,6783,41941
0500000US08065,Lake County, Colorado,443,30.3,0,6.5,25998,33236,44499,1226,168800,917,673,4906
0500000US08069,Larimer County, Colorado,33380,44.1,290,7.5,31082,27812,52617,53885,251600,1001,40235,260863
0500000US08071,Las Animas County, Colorado,631,18,3,9,23365,25900,42241,2399,151200,761,2944,7882
0500000US08073,Lincoln County, Colorado,132,16.1,0,7.9,17594,25257,45357,493,124300,677,926,3928
0500000US08075,Logan County, Colorado,991,15.9,31,11.8,23533,22260,40323,2836,122300,634,3491,18028
0500000US08077,Mesa County, Colorado,8376,25.2,0,9.2,26518,27310,51159,27748,203200,841,23419,121600
0500000US08079,Mineral County, Colorado,85,39.4,0,0.6,34305,22733,36000,176,280200,663,274,674
0500000US08081,Moffat County, Colorado,291,14.2,0,5.5,24623,26957,52005,2016,177700,739,1548,10942
0500000US08083,Montezuma County, Colorado,1960,26.4,18,9.6,23611,25064,43523,4983,184300,713,4537,18945
0500000US08085,Montrose County, Colorado,2880,24.6,15,9.9,23408,25427,41586,8141,194600,829,7996,31407
0500000US08087,Morgan County, Colorado,913,13.9,0,5.8,21297,26875,40292,4474,135000,736,4172,17224
0500000US08089,Otero County, Colorado,630,15.5,0,11,18868,22316,39187,2858,93200,646,3467,10447
0500000US08091,Ouray County, Colorado,737,50,0,10.5,32562,28651,41600,932,389600,1053,1130,4184
0500000US08093,Park County, Colorado,1112,31.6,33,6.7,31838,32917,48920,3203,244300,1087,2263,14669
0500000US08095,Phillips County, Colorado,155,18.2,0,6.1,22996,25844,40303,580,132900,615,858,3148
0500000US08097,Pitkin County, Colorado,2080,56.4,32,7.8,54441,34214,51781,3096,570700,1242,2496,14993
0500000US08099,Prowers County, Colorado,347,13.9,44,9.9,19039,20736,35495,1801,86200,548,1867,7608
0500000US08101,Pueblo County, Colorado,8638,21.4,274,11.1,22229,26059,44752,25978,137600,761,25898,85833
0500000US08103,Rio Blanco County, Colorado,318,20.8,0,4.1,27776,31477,60664,1086,199800,736,899,5732
0500000US08105,Rio Grande County, Colorado,661,20.9,27,8.8,21104,22731,38269,1914,126300,569,2019,6358
0500000US08107,Routt County, Colorado,2841,48.7,24,6.3,35019,30947,49160,4420,378100,1150,2369,21150
0500000US08109,Saguache County, Colorado,400,25.7,0,11.4,20569,19007,29931,1083,142200,639,989,3533
0500000US08111,San Juan County, Colorado,30,27.1,0,18.5,25926,24808,27917,140,230300,833,94,482
0500000US08113,San Miguel County, Colorado,781,54.4,0,5.7,40993,32294,49280,1420,511800,1113,677,6655
0500000US08115,Sedgwick County, Colorado,93,18.6,0,8,22124,22254,40750,289,84500,559,560,1818
0500000US08117,Summit County, Colorado,3324,48.1,0,5.7,34842,31102,41649,4842,461100,1143,2702,23176
0500000US08119,Teller County, Colorado,2361,30.9,82,9.1,31732,30922,52805,4763,232300,961,3701,20980
0500000US08121,Washington County, Colorado,152,17.6,0,5.5,24326,25764,40658,737,111500,580,960,4237
0500000US08123,Weld County, Colorado,13611,25.9,192,7.5,25959,31175,49399,44367,196100,868,27514,177812
0500000US08125,Yuma County, Colorado,372,18.6,0,2.6,22902,30613,44327,1330,137200,626,1692,7815
0500000US12001,Alachua County, Florida,29684,40.8,114,8.5,25020,25057,44295,37435,164600,883,29074,158603
0500000US12003,Baker County, Florida,737,10.9,0,9.8,20346,31402,44219,3892,118100,727,3268,22246
0500000US12005,Bay County, Florida,8739,21.6,2571,9.8,24937,26250,40628,26752,156500,932,26545,135595
0500000US12007,Bradford County, Florida,595,10.4,12,14.5,18540,29249,40547,3603,93000,704,4591,20465
0500000US12009,Brevard County, Florida,40232,26.7,1534,12.1,27360,28610,47031,97069,138500,904,118008,420237
0500000US12011,Broward County, Florida,135775,30.2,1206,11.3,28329,30578,45803,288656,177300,1179,267480,750735
0500000US12013,Calhoun County, Florida,243,9.2,12,10.1,15463,25479,37181,1771,76200,609,2402,11334
0500000US12015,Charlotte County, Florida,9964,20.9,19,12.6,26374,23840,41129,32812,140900,900,58738,138848
0500000US12017,Citrus County, Florida,6615,16.8,32,14.1,23495,23151,40475,30048,113500,780,46953,124540
0500000US12019,Clay County, Florida,9497,23.6,2180,11.6,26489,31529,50081,31757,153700,1025,25322,147565
0500000US12021,Collier County, Florida,32161,32.3,17,9.2,37236,26047,40235,58573,258400,1027,93788,216765
0500000US12023,Columbia County, Florida,2640,14.1,56,16.9,19884,24972,37270,9773,106600,776,11128,49892
0500000US12027,DeSoto County, Florida,792,9.9,8,10.7,15596,20526,27026,4930,83800,686,6498,19303
0500000US12029,Dixie County, Florida,252,7.5,0,8.3,16954,25339,37178,2735,79000,604,3297,13846
0500000US12031,Duval County, Florida,48487,26.5,10738,11.1,26267,30345,43768,134844,144000,941,104968,490026
0500000US12033,Escambia County, Florida,16301,23.9,10758,10.9,24014,25607,40459,47082,123000,890,45771,200135
0500000US12035,Flagler County, Florida,5948,23.4,32,10.4,24393,26669,40463,18967,163800,1046,26248,74528
0500000US12037,Franklin County, Florida,465,16,0,11.2,20287,25033,33341,1713,128700,720,2165,9165
0500000US12039,Gadsden County, Florida,2058,16.3,61,13.1,18101,26953,35503,6881,107900,685,6725,15595
0500000US12041,Gilchrist County, Florida,347,11,0,14.8,20536,23417,35294,2989,105300,719,3132,14827
0500000US12043,Glades County, Florida,382,10.3,0,13.9,16799,21028,29677,1894,84100,711,3038,8041
0500000US12045,Gulf County, Florida,436,14.7,0,12.8,19411,25076,35389,2352,119900,842,2708,11673
0500000US12047,Hamilton County, Florida,274,10.8,4,17.2,15012,21634,32838,1946,69400,565,2088,7966
0500000US12049,Hardee County, Florida,474,10,14,13.3,15783,19590,27294,3070,84200,648,3878,13131
0500000US12051,Hendry County, Florida,846,10.6,0,14,16381,22321,30867,4065,72400,764,4584,13109
0500000US12053,Hernando County, Florida,6284,15.7,74,15.8,21245,25362,40026,33675,111800,894,46320,140872
0500000US12055,Highlands County, Florida,4231,15.9,39,14.9,20455,21020,32960,19672,87700,722,32472,68388
0500000US12057,Hillsborough County, Florida,89807,29.8,4931,10.1,27532,30796,45610,201413,156700,960,158664,669999
0500000US12059,Holmes County, Florida,621,10.9,30,12.3,16946,22966,37286,2626,83200,595,3574,17332
0500000US12061,Indian River County, Florida,10493,26.7,72,13.6,31089,24050,45256,26793,156300,861,40322,108116
0500000US12063,Jackson County, Florida,1817,14.2,10,13.7,17611,22775,34186,6312,86900,624,8278,32368
0500000US12065,Jefferson County, Florida,649,17.8,15,12.9,20972,26997,41086,2214,127100,665,2617,8176
0500000US12067,Lafayette County, Florida,212,11.6,0,14.1,18125,26029,31921,1551,106000,565,1207,6136
0500000US12069,Lake County, Florida,15676,21,188,10.9,24103,26463,41927,58831,137900,950,76806,222280
0500000US12071,Lee County, Florida,44572,25.3,144,11.9,27578,25676,40914,113251,150000,939,161514,452551
0500000US12073,Leon County, Florida,30796,44.3,199,11.2,26486,26155,45789,43873,180600,930,29045,163209
0500000US12075,Levy County, Florida,1066,10.5,0,13.9,19655,22989,34427,6552,89800,674,8442,32174
0500000US12077,Liberty County, Florida,238,13.1,0,17,16928,27436,38905,951,73200,584,874,6128
0500000US12079,Madison County, Florida,525,10.4,16,13.4,15664,22313,32517,2490,77500,683,3231,10321
0500000US12081,Manatee County, Florida,26603,27.5,122,9.8,27948,27209,43044,61025,163700,936,82216,243767
0500000US12083,Marion County, Florida,14736,17.2,191,12.9,21752,23978,36789,63902,111500,819,89787,243893
0500000US12085,Martin County, Florida,13635,31.2,134,11.1,35183,28184,48988,27510,191500,958,42391,119152
0500000US12086,Miami-Dade County, Florida,174869,26.4,2046,11.2,23433,25847,36451,353875,194100,1098,379862,399395
0500000US12087,Monroe County, Florida,6794,29.7,1300,7.1,34424,27326,40038,11616,379700,1400,14152,52315
0500000US12089,Nassau County, Florida,4052,23,271,10.2,29321,30284,50106,12587,176200,1026,13571,65429
0500000US12091,Okaloosa County, Florida,14204,28.1,7742,8.1,29082,28139,43968,27711,181800,1015,27203,142830
0500000US12093,Okeechobee County, Florida,932,10.7,0,14,18087,23659,33518,6043,100900,699,6768,25360
0500000US12095,Orange County, Florida,79294,30.6,667,10.4,25052,26724,40723,177747,161900,1036,122538,531707
0500000US12097,Osceola County, Florida,9663,17.8,86,11.3,18996,24273,34204,43326,124500,1035,34603,109258
0500000US12099,Palm Beach County, Florida,120373,32.8,459,10.8,33072,29844,45193,232457,194600,1158,300710,793341
0500000US12101,Pasco County, Florida,23353,21.1,384,11,24076,29091,45835,90073,115700,919,102237,370986
0500000US12103,Pinellas County, Florida,67604,28.3,1262,9.7,29617,30483,43837,162049,146500,955,204054,702358
0500000US12105,Polk County, Florida,24413,18.6,208,11.9,21157,26738,39996,100381,107100,870,115824,390132
0500000US12107,Putnam County, Florida,2114,11.6,87,12.3,18587,23166,36494,12014,86600,655,14668,52693
0500000US12113,Santa Rosa County, Florida,9573,26.5,3568,9.6,27478,30726,49748,26024,160200,1014,21539,132127
0500000US12115,Sarasota County, Florida,38714,31.1,133,9.8,33300,27379,41759,78009,172800,1008,125833,325136
0500000US12117,Seminole County, Florida,34614,35,265,10.3,28870,31536,50010,64211,175100,1059,57138,280010
0500000US12109,St. Johns County, Florida,19691,41.4,596,7.2,37147,33679,59436,38380,240400,1105,34475,172046
0500000US12111,St. Lucie County, Florida,13300,19,60,13.5,23422,26231,39057,53028,120700,990,60522,170801
0500000US12119,Sumter County, Florida,10020,26.4,11,11.3,28875,20774,40451,26348,199500,780,50519,86867
0500000US12121,Suwannee County, Florida,959,11.9,0,11.9,18966,23405,35200,6829,93800,674,8079,32801
0500000US12123,Taylor County, Florida,676,10,0,11.4,16748,23669,37887,3174,84000,545,3856,16463
0500000US12125,Union County, Florida,242,8.6,7,11,13467,28572,34331,1771,87000,646,1699,10784
0500000US12127,Volusia County, Florida,28017,21.3,289,10.5,23844,25879,39056,84276,133100,918,110648,370295
0500000US12129,Wakulla County, Florida,1194,17.2,65,8.7,21738,32818,44138,5105,129900,854,3654,24497
0500000US12131,Walton County, Florida,3246,25.1,103,8.3,25854,25684,38305,9491,161100,993,10210,48855
0500000US12133,Washington County, Florida,819,11.4,18,12.7,17950,24225,32347,3380,84500,608,4041,19162
0500000US19001,Adair County, Iowa,193,15.2,0,3.4,25657,30328,42057,1183,88900,552,1685,7338
0500000US19003,Adams County, Iowa,115,14.7,25,3.9,25169,28549,38207,609,86600,525,864,3822
0500000US19005,Allamakee County, Iowa,449,15.9,0,6.6,25622,26036,45118,2492,111100,544,2881,13032
0500000US19007,Appanoose County, Iowa,505,18.4,4,7.8,22744,26980,40856,2154,77600,554,2678,12290
0500000US19009,Audubon County, Iowa,169,16.4,11,2.6,30714,28582,44844,770,69800,561,1402,5796
0500000US19011,Benton County, Iowa,755,20,0,4.2,28177,32878,50087,3762,137100,604,4154,25058
0500000US19013,Black Hawk County, Iowa,7058,26.2,46,7.8,24771,26546,43427,20547,125700,694,18797,109903
0500000US19015,Boone County, Iowa,1073,22.5,36,5.3,27160,31126,47549,3994,119800,642,4311,25083
0500000US19017,Bremer County, Iowa,1257,28.2,0,5.3,29632,31257,51559,3694,146000,601,4342,23531
0500000US19019,Buchanan County, Iowa,559,17.3,1,4.5,28193,32554,46999,3258,123600,633,3319,20267
0500000US19021,Buena Vista County, Iowa,876,19.7,4,4.4,23707,25581,36295,2607,100300,581,3044,13290
0500000US19023,Butler County, Iowa,424,15.5,16,4.4,26327,31447,45017,2362,104000,581,3048,14586
0500000US19025,Calhoun County, Iowa,373,18.9,7,4.4,26486,26539,41771,1603,74600,507,2269,9491
0500000US19027,Carroll County, Iowa,573,18.2,0,2.5,26479,29410,42818,2929,110100,541,3885,19880
0500000US19029,Cass County, Iowa,531,20,0,3.4,25555,26094,38286,2369,88900,566,2890,13151
0500000US19031,Cedar County, Iowa,778,20.8,13,3.5,27566,33737,46699,3259,134200,697,3233,17740
0500000US19033,Cerro Gordo County, Iowa,1969,22,47,5.2,27605,27739,44611,7843,112400,610,8189,40283
0500000US19035,Cherokee County, Iowa,492,20.5,4,3.5,28150,30616,44113,1840,81500,507,2640,11347
0500000US19037,Chickasaw County, Iowa,319,14.5,0,5.4,25137,29984,41979,1829,99000,519,2372,11876
0500000US19039,Clarke County, Iowa,230,15.7,0,5.5,23743,26101,38529,1745,86500,657,1618,8055
0500000US19041,Clay County, Iowa,452,18.5,22,4.6,29138,30536,42026,3055,106400,568,3134,15690
0500000US19043,Clayton County, Iowa,584,16.2,0,5.2,25853,28619,43115,2929,104900,558,3580,17275
0500000US19045,Clinton County, Iowa,1752,19.2,25,5.4,26751,30173,50504,7853,110100,610,8488,44765
0500000US19047,Crawford County, Iowa,372,14.3,5,5.3,23066,28251,41693,2573,87300,500,2922,12112
0500000US19049,Dallas County, Iowa,5307,43.7,42,3,36677,40646,57040,13398,184400,905,7489,63134
0500000US19051,Davis County, Iowa,254,16.8,0,5.6,23046,26134,38531,1097,98700,582,1499,8540
0500000US19053,Decatur County, Iowa,298,19.2,3,7.4,19321,19911,39805,1215,81700,482,1502,7734
0500000US19055,Delaware County, Iowa,553,14.9,1,4.1,26776,30438,43543,2459,123000,558,3036,17165
0500000US19057,Des Moines County, Iowa,1703,20.2,28,7.4,23724,25760,41730,6179,94300,638,7279,35737
0500000US19059,Dickinson County, Iowa,979,25.2,13,5.1,32869,29713,46537,3268,165800,641,3918,16364
0500000US19061,Dubuque County, Iowa,6013,27.8,30,4.7,26791,28598,45262,15292,146500,690,14809,87930
0500000US19063,Emmet County, Iowa,246,14.8,4,4.7,28293,26891,41175,1588,82400,603,1917,8915
0500000US19065,Fayette County, Iowa,874,18.4,0,5.1,24236,26243,40997,2880,85000,537,4100,19675
0500000US19067,Floyd County, Iowa,495,17,0,5.1,25142,27527,45119,2637,96700,551,3280,15171
0500000US19069,Franklin County, Iowa,346,16.3,0,3.5,25719,28175,40528,1410,86000,571,2040,9175
0500000US19071,Fremont County, Iowa,290,20.9,11,4.4,28656,31120,45921,1177,96300,583,1473,6876
0500000US19073,Greene County, Iowa,270,17.3,8,6.9,27140,26332,41545,1257,82600,619,1927,8826
0500000US19075,Grundy County, Iowa,473,20.5,17,5,30701,32931,48478,2143,127800,605,2399,12091
0500000US19077,Guthrie County, Iowa,411,18,15,4.5,28746,29805,45252,1785,98500,591,2232,10393
0500000US19079,Hamilton County, Iowa,580,19,0,5.1,25531,28678,45186,2514,90800,615,2930,13996
0500000US19081,Hancock County, Iowa,371,17.9,0,2.7,27025,31247,41935,1738,90100,536,2179,10548
0500000US19083,Hardin County, Iowa,713,19,1,6.3,25792,30042,47907,2461,89800,560,3670,16230
0500000US19085,Harrison County, Iowa,445,18.3,19,4.1,26217,31096,44441,2322,107700,614,2649,14149
0500000US19087,Henry County, Iowa,693,20.5,0,6.4,23679,29059,41107,2963,103900,605,3358,17980
0500000US19089,Howard County, Iowa,322,11.7,4,3.6,25040,27430,39962,1378,95500,608,1863,9233
0500000US19091,Humboldt County, Iowa,239,16.6,5,4.9,26592,30734,46851,1456,85900,582,1987,9195
0500000US19093,Ida County, Iowa,234,18.8,0,3.2,26712,28584,41194,1156,78800,426,1488,6839
0500000US19095,Iowa County, Iowa,842,21.7,0,2.7,28249,32088,45093,2594,138300,539,2886,15697
0500000US19097,Jackson County, Iowa,637,14.1,0,4.1,24988,28142,42010,3189,110500,570,3800,18913
0500000US19099,Jasper County, Iowa,990,17.7,6,5.7,25825,30506,45960,5431,116200,648,6321,34947
0500000US19101,Jefferson County, Iowa,1881,33,0,4.6,27408,25530,41561,2804,94600,652,2787,14359
0500000US19103,Johnson County, Iowa,19326,51.7,111,3.6,31131,27325,51860,22389,191900,860,12440,111913
0500000US19105,Jones County, Iowa,520,15.7,0,6,26671,31350,44756,3396,127300,591,3653,19595
0500000US19107,Keokuk County, Iowa,307,15.3,0,4.8,23544,29050,41285,1633,76900,564,2072,10077
0500000US19109,Kossuth County, Iowa,488,19.4,0,2.2,29229,29600,46274,2289,93700,553,3367,14799
0500000US19111,Lee County, Iowa,1157,15.5,40,8.7,22960,27128,41209,5563,85000,576,6308,32399
0500000US19113,Linn County, Iowa,14103,31.7,75,5.1,30949,33547,51990,37830,145700,689,29168,190417
0500000US19115,Louisa County, Iowa,247,14.2,0,6.6,25411,30278,40866,1734,99000,617,1780,9086
0500000US19117,Lucas County, Iowa,150,12.7,13,8.7,22060,27040,44167,1490,80700,481,1820,8580
0500000US19119,Lyon County, Iowa,369,19.6,7,2.9,25578,29613,43770,1578,109000,563,1955,11287
0500000US19121,Madison County, Iowa,568,21.7,10,7.6,27848,33518,48234,2629,156600,812,2422,15123
0500000US19123,Mahaska County, Iowa,849,22.4,3,8.2,24875,28444,44875,3505,103800,582,3735,21206
0500000US19125,Marion County, Iowa,1403,24,0,4.3,26161,29308,46641,5199,135800,664,5338,31673
0500000US19127,Marshall County, Iowa,1559,20.1,8,6.6,24549,29870,42784,5943,104200,654,6850,30975
0500000US19129,Mills County, Iowa,805,24.4,3,3.8,27942,35911,49544,2265,151700,706,2188,14203
0500000US19131,Mitchell County, Iowa,266,15.1,0,4.4,24629,30419,41838,1615,105300,534,2348,10484
0500000US19133,Monona County, Iowa,226,14,4,5.1,24645,27217,40996,1434,78900,542,2193,8759
0500000US19135,Monroe County, Iowa,238,17.3,0,6.4,23983,31644,43684,1259,96800,542,1501,7910
0500000US19137,Montgomery County, Iowa,314,15.4,0,9.9,23342,26988,39460,1615,78100,586,2148,10015
0500000US19139,Muscatine County, Iowa,1491,18.2,0,6.2,25007,29297,43960,6299,126700,736,6186,34111
0500000US19141,O'Brien County, Iowa,465,19.5,0,2.9,30213,26944,44582,2236,101100,582,2902,13314
0500000US19143,Osceola County, Iowa,110,14.4,4,3.5,25239,27533,40625,923,80900,561,1251,5771
0500000US19145,Page County, Iowa,612,18.3,26,5.4,23630,27197,42940,2334,80700,563,3142,14499
0500000US19147,Palo Alto County, Iowa,253,18.3,0,3.7,26111,26992,40918,1624,84900,501,1939,8882
0500000US19149,Plymouth County, Iowa,870,20,6,3.5,27848,32082,46824,4092,133500,598,4313,23507
0500000US19151,Pocahontas County, Iowa,176,18.2,3,4.4,26144,27424,42104,1009,62500,494,1600,6835
0500000US19153,Polk County, Iowa,31120,35.4,491,6,30863,34325,50780,76341,155400,792,49846,355421
0500000US19155,Pottawattamie County, Iowa,3321,19.7,96,5.9,26821,30481,44886,14526,124500,758,13822,82987
0500000US19157,Poweshiek County, Iowa,1105,25.4,0,5.7,26855,24988,45686,2804,125700,640,3525,17434
0500000US19159,Ringgold County, Iowa,222,18.9,0,5.3,24553,26573,39875,931,76800,482,1241,4908
0500000US19161,Sac County, Iowa,355,19.4,0,3.8,27224,28782,43848,1552,81200,538,2264,9766
0500000US19163,Scott County, Iowa,13077,31.9,270,5.9,29243,32249,52694,27959,144900,703,23051,138286
0500000US19165,Shelby County, Iowa,445,19.7,0,3.4,27178,27254,42239,1735,106500,636,2636,11578
0500000US19167,Sioux County, Iowa,1542,24.9,12,1.9,25343,25638,46206,4922,137500,607,4889,30363
0500000US19169,Story County, Iowa,9931,48.5,27,5.7,26113,19743,48037,13556,164200,760,9418,79196
0500000US19171,Tama County, Iowa,499,16.2,0,6.6,26247,30891,45069,2448,101400,659,3294,14654
0500000US19173,Taylor County, Iowa,169,15.3,0,4.1,24044,28117,41612,988,66200,589,1313,5706
0500000US19175,Union County, Iowa,274,16.6,0,6.5,23647,25271,40941,2193,90700,591,2323,11969
0500000US19177,Van Buren County, Iowa,190,14,3,6.6,23045,28519,41500,1118,75000,523,1520,7277
0500000US19179,Wapello County, Iowa,1151,15.3,0,8.9,21909,26255,39635,5361,76900,619,5833,30499
0500000US19181,Warren County, Iowa,2413,28.5,46,5.7,29449,34881,50996,7279,159300,740,6620,44850
0500000US19183,Washington County, Iowa,1061,21.5,3,5,27051,31465,41320,3626,121900,701,3933,20207
0500000US19185,Wayne County, Iowa,156,13.8,2,7.3,22433,27365,40739,970,66400,481,1453,6190
0500000US19187,Webster County, Iowa,1445,19.1,0,9.4,24213,25542,45807,5955,84600,561,6316,33427
0500000US19189,Winnebago County, Iowa,363,21.3,0,5.6,25387,28514,41808,1644,94200,493,2120,9964
0500000US19191,Winneshiek County, Iowa,1398,26.8,6,3.1,25709,26115,42243,2949,155300,590,3626,20005
0500000US19193,Woodbury County, Iowa,4355,21.3,66,5.6,23221,25841,41042,15780,98300,660,13593,78324
0500000US19195,Worth County, Iowa,234,15.7,0,5.4,24886,27863,41140,1142,98600,531,1447,7249
0500000US19197,Wright County, Iowa,478,17.3,0,6.7,25964,29618,41034,1984,72800,544,2713,11491
0500000US26001,Alcona County, Michigan,420,13.5,0,13.2,23304,20579,41047,1734,95800,623,3538,10287
0500000US26003,Alger County, Michigan,329,17.1,0,11.9,20798,25056,45119,1348,117200,605,2119,8099
0500000US26005,Allegan County, Michigan,5062,20.8,3,7.7,24599,29161,47171,16370,137500,754,15833,100194
0500000US26007,Alpena County, Michigan,1413,16.1,72,10.5,21975,23097,40413,4168,94900,550,6009,28149
0500000US26009,Antrim County, Michigan,1618,24.9,3,12.1,25725,22749,42293,3898,136800,692,5591,22254
0500000US26011,Arenac County, Michigan,489,11.5,4,14.4,20663,22491,38427,2413,87800,570,3333,14831
0500000US26013,Baraga County, Michigan,249,12.5,0,7.9,17319,26373,42844,1039,86500,529,1530,6433
0500000US26015,Barry County, Michigan,2706,18.5,14,9.4,25264,29703,47198,8533,135900,760,9412,56212
0500000US26017,Bay County, Michigan,4409,18.6,24,10.5,24538,27116,45599,15585,93300,650,18520,97250
0500000US26019,Benzie County, Michigan,1407,24.8,13,9.4,25433,22649,40665,2977,147400,765,3959,16485
0500000US26021,Berrien County, Michigan,10585,24.8,17,10.6,24304,26356,47197,22348,130700,665,26421,117817
0500000US26023,Branch County, Michigan,1371,13.1,0,9.1,20823,25641,40145,6216,94800,672,6948,40168
0500000US26025,Calhoun County, Michigan,6093,19.6,150,11.6,23202,26619,43027,19276,97100,685,20989,107276
0500000US26027,Cass County, Michigan,2045,16.9,0,10.5,23222,27950,43237,7800,121100,686,9240,45303
0500000US26029,Charlevoix County, Michigan,1972,27.1,46,9.6,27231,24095,43142,3566,149700,654,5253,24595
0500000US26031,Cheboygan County, Michigan,1155,16.8,49,15.8,23648,20722,38318,4018,110800,601,5953,23893
0500000US26033,Chippewa County, Michigan,1882,19.4,141,13.1,20563,20343,41813,5533,101500,612,5913,27460
0500000US26035,Clare County, Michigan,763,10.5,6,16.1,18572,20520,40635,5389,79300,599,6390,29305
0500000US26037,Clinton County, Michigan,5527,28.7,36,7.2,28889,31756,53436,10546,155000,778,10837,69141
0500000US26039,Crawford County, Michigan,611,15.8,18,13.8,21964,22547,41237,2133,97000,711,3083,13352
0500000US26041,Delta County, Michigan,1307,18,33,11,22525,23614,45656,5344,99400,540,7453,34581
0500000US26043,Dickinson County, Michigan,1444,21.4,56,8.5,24948,26631,45894,3874,86800,653,5111,25062
0500000US26045,Eaton County, Michigan,6242,24.2,72,9.3,27089,31118,50652,16258,133400,772,16410,90967
0500000US26047,Emmet County, Michigan,2850,33.3,10,8.7,30861,25267,44662,5230,165500,764,5946,30173
0500000US26049,Genesee County, Michigan,19994,19.2,164,15.5,22536,25385,48128,60141,88300,718,61372,303735
0500000US26051,Gladwin County, Michigan,915,12.5,20,12.9,20753,23019,40970,4093,99000,556,6093,24751
0500000US26053,Gogebic County, Michigan,662,17.6,0,10.8,20570,20052,36563,2386,66900,527,3624,14501
0500000US26055,Grand Traverse County, Michigan,7885,30.8,85,7.8,28400,25508,45555,14522,167600,857,14046,82634
0500000US26057,Gratiot County, Michigan,1415,13.8,15,10.5,18922,23974,40719,5010,87300,586,6511,36601
0500000US26059,Hillsdale County, Michigan,1982,15.6,0,10.7,20888,24711,42437,6773,100600,655,7665,44204
0500000US26061,Houghton County, Michigan,2515,29.6,19,9,19883,18533,41297,4969,89900,620,5638,34095
0500000US26063,Huron County, Michigan,1087,14.1,20,9.7,22739,25244,40599,4384,92100,598,7361,31181
0500000US26065,Ingham County, Michigan,27654,36.5,163,10,25010,20922,49076,39829,117700,790,31546,202627
0500000US26067,Ionia County, Michigan,1732,14.2,8,11.2,20549,25897,44087,8039,109100,679,7749,56645
0500000US26069,Iosco County, Michigan,1085,14.5,16,14.2,23262,20818,37784,3881,86300,583,6922,24180
0500000US26071,Iron County, Michigan,576,19.9,4,8.1,22092,22765,39500,1690,75800,535,3159,11108
0500000US26073,Isabella County, Michigan,4074,26.1,59,12.1,19698,12234,39945,8272,120600,698,7255,61155
0500000US26075,Jackson County, Michigan,6573,19,109,11.8,22879,26700,47757,22313,110500,731,23973,136532
0500000US26077,Kalamazoo County, Michigan,21011,34.4,115,10.3,25943,24389,49506,37745,135400,726,32693,201538
0500000US26079,Kalkaska County, Michigan,604,13,5,12.7,20445,23162,37634,2722,95200,702,3073,16380
0500000US26081,Kent County, Michigan,44769,32.6,192,8.9,26436,28473,48295,93310,136700,762,71640,463842
0500000US26083,Keweenaw County, Michigan,168,24.6,0,5.4,25197,22813,40417,395,101400,725,608,2151
0500000US26085,Lake County, Michigan,292,9.2,1,14.4,16275,19698,36204,1692,74100,571,2846,9780
0500000US26087,Lapeer County, Michigan,3631,16.8,17,12.4,24102,26903,50760,11426,131100,792,12977,81632
0500000US26089,Leelanau County, Michigan,2822,39.5,0,8,32883,23759,49614,3403,239100,821,5630,19723
0500000US26091,Lenawee County, Michigan,4617,19.7,3,10.2,22834,24908,46548,14121,113900,724,15580,86607
0500000US26093,Livingston County, Michigan,13899,33,43,7.5,32681,36473,65570,27752,183800,915,24555,174098
0500000US26095,Luce County, Michigan,177,12.4,0,14.2,17951,22385,42950,787,78300,605,1231,5167
0500000US26097,Mackinac County, Michigan,544,17.9,50,12.7,23453,20838,40671,1741,119100,582,2654,8314
0500000US26099,Macomb County, Michigan,46638,23.1,524,10.9,27145,31599,53813,127589,121300,852,126759,697439
0500000US26101,Manistee County, Michigan,1380,19.4,18,12.3,22649,22820,43329,3995,107200,649,5383,22087
0500000US26103,Marquette County, Michigan,4129,28.8,80,8.5,23760,22980,49280,9570,127200,618,10484,62610
0500000US26105,Mason County, Michigan,1488,20.1,14,11.4,23563,22315,39046,4514,118600,672,5772,26462
0500000US26107,Mecosta County, Michigan,2276,22.2,0,15.2,19783,17179,41696,5828,110700,622,6892,39703
0500000US26109,Menominee County, Michigan,646,15.5,1,10.1,22705,26776,43835,3820,94400,526,4886,22383
0500000US26111,Midland County, Michigan,7183,32,7,8.8,29408,29856,54932,13008,128000,729,12933,77115
0500000US26113,Missaukee County, Michigan,427,13.3,2,11.4,20594,24078,40106,2145,99800,713,2725,14255
0500000US26115,Monroe County, Michigan,6943,18.5,27,10,26617,31268,54913,22237,137500,791,21894,138946
0500000US26117,Montcalm County, Michigan,2037,13.4,12,13,19371,23888,40354,9164,94800,687,9543,58159
0500000US26119,Montmorency County, Michigan,275,10.3,9,20.1,20209,17963,38516,1620,94800,608,2659,9172
0500000US26121,Muskegon County, Michigan,6431,17.6,92,14.1,21037,24545,45095,24378,98600,669,24511,132044
0500000US26123,Newaygo County, Michigan,1483,13,6,12.9,20713,24585,43679,7053,100400,688,7993,43642
0500000US26125,Oakland County, Michigan,156448,43.7,501,9.1,37089,38156,68535,181936,170600,934,172676,903320
0500000US26127,Oceana County, Michigan,1161,16.1,0,9.5,19459,20972,41589,3463,104200,685,4779,21823
0500000US26129,Ogemaw County, Michigan,647,11.6,12,13.4,20600,20774,39243,3371,88100,647,4985,20460
0500000US26131,Ontonagon County, Michigan,236,15.8,3,15.3,21364,22476,40304,1107,69300,410,1883,6193
0500000US26133,Osceola County, Michigan,667,12.9,3,11.1,18670,23312,38162,3452,89000,571,4178,22252
0500000US26135,Oscoda County, Michigan,196,9.8,0,15,18611,18450,38910,1468,81300,591,2127,8212
0500000US26137,Otsego County, Michigan,1099,20.5,16,10.8,24695,25382,44054,3788,119200,686,4372,22997
0500000US26139,Ottawa County, Michigan,16746,30.5,65,7.4,25919,27080,50542,37648,153500,782,33657,229370
0500000US26141,Presque Isle County, Michigan,598,16.4,1,14.4,22938,22814,39167,1864,93400,575,3635,12670
0500000US26143,Roscommon County, Michigan,913,13.3,0,15.1,23074,17741,38906,4809,90600,672,6960,23174
0500000US26145,Saginaw County, Michigan,8463,20.1,8,12.1,22891,24475,46257,27152,94800,710,31909,138758
0500000US26151,Sanilac County, Michigan,1261,11.6,2,12.7,21298,24456,40280,5808,94400,627,7858,39919
0500000US26153,Schoolcraft County, Michigan,275,13.9,0,15.9,21038,23882,42462,1119,87700,568,1896,7221
0500000US26155,Shiawassee County, Michigan,2705,15.1,33,11.5,23206,27252,44968,9243,104700,675,10707,65848
0500000US26147,St. Clair County, Michigan,7317,17.3,20,12.9,24820,26670,52332,22659,119700,735,25126,147894
0500000US26149,St. Joseph County, Michigan,2326,15,42,10.7,21122,26947,41633,9278,105800,646,9534,53401
0500000US26157,Tuscola County, Michigan,1599,13.5,9,11.7,21449,24455,41465,6776,93400,638,9383,51476
0500000US26159,Van Buren County, Michigan,3442,18.4,7,9.5,22034,26051,46359,11000,119200,665,11238,62022
0500000US26161,Washtenaw County, Michigan,58275,51.8,93,8.4,34258,28624,60807,51303,199200,938,38878,250800
0500000US26163,Wayne County, Michigan,100071,21.6,298,16.8,22643,27320,49780,233935,83200,797,236218,890991
0500000US26165,Wexford County, Michigan,1269,16.7,7,11.5,20473,24430,38935,4604,95000,712,5455,31102
0500000US27001,Aitkin County, Minnesota,571,14.8,7,8.1,25378,24842,41847,3310,165400,617,4590,15101
0500000US27003,Anoka County, Minnesota,17396,27.3,152,7.2,31474,37968,55458,49168,186800,957,36334,283649
0500000US27005,Becker County, Minnesota,1399,21.6,6,4.5,25899,27506,43370,5673,173400,677,6034,28755
0500000US27007,Beltrami County, Minnesota,2366,26.7,7,11,22120,22210,41746,6535,147200,661,6151,33330
0500000US27009,Benton County, Minnesota,1584,20.3,6,8.1,24791,30292,46476,6500,155500,658,4972,36239
0500000US27011,Big Stone County, Minnesota,154,18.3,1,3.2,27698,30159,41573,909,93900,518,1345,5043
0500000US27013,Blue Earth County, Minnesota,3575,30.4,13,5.7,26181,23781,44295,9930,159100,726,7923,58444
0500000US27015,Brown County, Minnesota,1193,21.5,2,4.2,27801,27279,44245,3565,123000,607,4961,24192
0500000US27017,Carlton County, Minnesota,1505,22.3,50,6.7,24508,29770,49490,5572,158400,692,5517,31423
0500000US27019,Carver County, Minnesota,7759,45,0,4.8,38638,42278,67091,15013,264900,941,8659,84985
0500000US27021,Cass County, Minnesota,1218,19.6,9,8.5,25525,24747,41973,5488,172800,660,6445,24108
0500000US27023,Chippewa County, Minnesota,366,17.6,9,3.6,26402,26755,46538,1764,103900,688,2390,11062
0500000US27025,Chisago County, Minnesota,2281,21.5,24,6,29293,35775,55607,8674,190300,773,6870,50767
0500000US27027,Clay County, Minnesota,3046,30.5,55,4.9,25398,27570,47155,9443,155500,713,7358,54177
0500000US27029,Clearwater County, Minnesota,234,14.2,0,9.3,22773,26347,44341,1365,115000,531,1646,7523
0500000US27031,Cook County, Minnesota,673,40.6,0,4.5,33598,25861,42048,1046,243700,656,1184,4502
0500000US27033,Cottonwood County, Minnesota,409,17,0,4.8,24275,25913,41802,1611,86500,567,2559,10282
0500000US27035,Crow Wing County, Minnesota,3219,23,149,7.7,26974,26323,44867,11510,177400,720,12327,60150
0500000US27037,Dakota County, Minnesota,33168,39.5,212,5.9,35755,40015,60854,66820,220500,955,44943,329291
0500000US27039,Dodge County, Minnesota,786,24.1,44,3.8,29786,35915,51038,3065,160200,675,2599,18869
0500000US27041,Douglas County, Minnesota,1776,24.2,14,5.2,28755,29002,46313,6569,189800,685,7513,35231
0500000US27043,Faribault County, Minnesota,439,17,2,4.8,25834,27345,40956,2095,84500,529,3149,13236
0500000US27045,Fillmore County, Minnesota,768,18.7,4,4.8,26051,30492,44923,3326,138700,585,4104,20304
0500000US27047,Freeborn County, Minnesota,1022,15.3,1,5.2,26083,27568,41993,4537,102700,554,6455,27179
0500000US27049,Goodhue County, Minnesota,2194,23.5,4,6,30408,32474,50157,7491,179900,708,8081,43020
0500000US27051,Grant County, Minnesota,148,18.3,0,5.1,27195,29317,45625,1056,96000,519,1356,5760
0500000US27053,Hennepin County, Minnesota,130517,46.4,384,7,38125,37451,57990,187562,227400,934,140872,838600
0500000US27055,Houston County, Minnesota,897,22,3,5.6,26719,30159,44979,2820,155900,607,3546,18269
0500000US27057,Hubbard County, Minnesota,1131,24.3,2,5.2,25050,25616,41837,3833,171300,635,4562,19205
0500000US27059,Isanti County, Minnesota,1294,17.1,23,7.7,26406,31291,47968,5899,167500,841,5158,36186
0500000US27061,Itasca County, Minnesota,2327,21.7,0,8,24578,24021,46290,7004,152000,648,9045,41901
0500000US27063,Jackson County, Minnesota,326,18.6,0,4.1,27942,28578,45909,1663,100100,538,2054,9612
0500000US27065,Kanabec County, Minnesota,562,13.4,4,11.3,22705,26136,44407,2558,139000,750,2830,15363
0500000US27067,Kandiyohi County, Minnesota,1974,21.9,11,6.2,27550,27455,44857,6263,162000,664,7138,35641
0500000US27069,Kittson County, Minnesota,136,21.2,0,2.8,27867,28730,48375,565,68100,473,1033,4349
0500000US27071,Koochiching County, Minnesota,440,18.4,0,7.4,24993,27416,52423,2160,100200,533,2677,12322
0500000US27073,Lac qui Parle County, Minnesota,209,18.6,2,4.2,28913,28425,44208,1024,81300,590,1707,6829
0500000US27075,Lake County, Minnesota,712,23.2,0,5.5,28058,28016,52117,2054,155100,675,2558,10408
0500000US27077,Lake of the Woods County, Minnesota,96,16.2,0,3.8,23073,26091,39708,734,117600,629,823,3767
0500000US27079,Le Sueur County, Minnesota,1143,21.6,33,5.9,28179,33472,49029,4255,181500,703,4215,25556
0500000US27081,Lincoln County, Minnesota,146,19.6,2,2.6,25764,29075,41250,808,90400,522,1451,5655
0500000US27083,Lyon County, Minnesota,1194,27.2,4,4.4,27787,27188,42712,3831,134700,609,3552,22370
0500000US27087,Mahnomen County, Minnesota,98,13,0,10.2,19175,24356,37852,771,97800,535,891,2650
0500000US27089,Marshall County, Minnesota,238,17.9,4,4.9,27877,31726,45400,1388,90500,513,1830,8908
0500000US27091,Martin County, Minnesota,581,17.9,2,4.4,27629,28123,46297,3210,103900,638,4374,19354
0500000US27085,McLeod County, Minnesota,1326,18.9,13,5,27330,31883,46950,5981,151400,696,5959,33496
0500000US27093,Meeker County, Minnesota,750,18,0,5.9,26726,30501,47783,3624,156000,683,4000,22005
0500000US27095,Mille Lacs County, Minnesota,750,15.3,3,8.5,23510,28730,44752,4298,141900,726,4364,23317
0500000US27097,Morrison County, Minnesota,1130,16.4,4,7.4,24091,27221,42430,5226,152200,643,5542,31864
0500000US27099,Mower County, Minnesota,1227,17.9,0,6.5,25209,30035,44392,6109,108300,711,6852,32525
0500000US27101,Murray County, Minnesota,288,17.2,4,4.3,29107,28846,46605,1239,97000,547,1997,8124
0500000US27103,Nicollet County, Minnesota,2174,32.3,2,4.1,27561,30015,45119,5331,168600,760,4274,29935
0500000US27105,Nobles County, Minnesota,524,14.4,11,6.8,23068,26396,39172,3004,107300,602,3326,13756
0500000US27107,Norman County, Minnesota,114,14.7,2,5,24886,27551,42716,883,84000,565,1438,6105
0500000US27109,Olmsted County, Minnesota,16199,40.2,21,4.4,34891,36883,53918,24590,171200,808,19412,121524
0500000US27111,Otter Tail County, Minnesota,2881,23.6,13,5.2,27379,28432,42941,10129,162000,618,12443,53992
0500000US27113,Pennington County, Minnesota,472,16.6,0,3.8,25584,27802,41715,2356,113400,574,2219,12850
0500000US27115,Pine County, Minnesota,851,12.6,3,8.5,22129,24257,40363,4950,141600,715,5116,26427
0500000US27117,Pipestone County, Minnesota,341,18,2,4.6,25102,27364,41838,1413,89500,569,1893,8614
0500000US27119,Polk County, Minnesota,1303,21.3,36,5,25823,27696,45996,4361,130500,629,5290,28271
0500000US27121,Pope County, Minnesota,413,20.6,0,4.6,29260,28265,45333,1980,146500,654,2419,10630
0500000US27123,Ramsey County, Minnesota,53374,39.8,126,7.9,30076,31925,50661,76180,194000,853,64891,340704
0500000US27125,Red Lake County, Minnesota,91,16.1,0,5,24278,29400,40526,596,89200,506,726,3802
0500000US27127,Redwood County, Minnesota,386,16.3,4,5,26119,27907,41194,2200,90400,568,3237,13892
0500000US27129,Renville County, Minnesota,340,15.6,1,6,28228,29289,45133,2184,96500,575,3009,13803
0500000US27131,Rice County, Minnesota,4053,27.5,9,6.3,26192,24888,51665,9391,187100,738,8508,54871
0500000US27133,Rock County, Minnesota,326,18,9,4,25586,28287,42408,1556,123700,619,1891,9102
0500000US27135,Roseau County, Minnesota,451,18,2,3.4,25787,31194,41490,2414,108900,594,2328,14533
0500000US27139,Scott County, Minnesota,8872,38.3,46,5.4,35690,43786,61807,22738,244700,1000,11634,113076
0500000US27141,Sherburne County, Minnesota,4287,26.2,0,6.2,29440,36187,53151,13391,188600,928,8202,83124
0500000US27143,Sibley County, Minnesota,345,15.8,0,6.4,26709,30850,43973,2075,132000,616,2559,13601
0500000US27137,St. Louis County, Minnesota,11225,26.4,204,7.9,26510,25430,50868,30524,137200,680,33078,184200
0500000US27145,Stearns County, Minnesota,7511,25.5,52,6.3,26502,27532,45771,21870,166300,730,19286,136308
0500000US27147,Steele County, Minnesota,1608,24.8,23,6.5,27596,32643,46691,6212,150600,713,5573,32175
0500000US27149,Stevens County, Minnesota,479,26.3,0,4.4,27693,23409,48104,1482,134900,536,1593,8818
0500000US27151,Swift County, Minnesota,307,16.6,0,4.2,27546,28514,43885,1524,93000,569,1976,9008
0500000US27153,Todd County, Minnesota,629,13.8,4,6.3,23062,26823,40215,3913,129700,561,4521,22662
0500000US27155,Traverse County, Minnesota,114,16.8,0,2.7,29000,27164,44375,531,69300,532,916,3187
0500000US27157,Wabasha County, Minnesota,910,20.7,2,4.9,29307,33651,44278,3447,156200,707,3864,20470
0500000US27159,Wadena County, Minnesota,379,12.9,2,5.3,21384,23473,41165,2261,115500,569,2977,13103
0500000US27161,Waseca County, Minnesota,654,19.9,0,5.4,25991,30250,45201,2853,141100,585,2947,17155
0500000US27163,Washington County, Minnesota,22464,41.3,151,5.5,37841,41759,64588,36965,240200,1125,28570,207059
0500000US27165,Watonwan County, Minnesota,270,16.7,4,4.2,26298,28149,40360,1590,94400,562,2087,8461
0500000US27167,Wilkin County, Minnesota,173,16.4,0,3.1,26557,30499,43038,1027,111400,435,1178,6231
0500000US27169,Winona County, Minnesota,3006,27.5,4,8.2,24050,22145,42793,7024,154700,629,7298,47321
0500000US27171,Wright County, Minnesota,5692,27.4,64,5.6,30292,38537,55993,21652,192800,889,13180,118814
0500000US27173,Yellow Medicine County, Minnesota,300,17.3,5,3.5,26487,29020,42453,1337,97600,567,2028,9317
0500000US32510,Carson City, Nevada,3082,20.4,55,14.5,25893,27871,45194,8613,188000,837,9728,37927
0500000US32001,Churchill County, Nevada,828,14.4,724,12.9,23823,27621,44783,3748,144900,838,4063,18294
0500000US32003,Clark County, Nevada,99012,22.2,7560,12.1,26040,30590,42916,313149,163100,1009,247087,931696
0500000US32005,Douglas County, Nevada,3246,25.6,150,9.5,34090,31204,51580,9016,267200,1035,10600,38624
0500000US32007,Elko County, Nevada,1741,17.5,8,5.3,29762,35921,66188,8083,183900,923,4479,34654
0500000US32009,Esmeralda County, Nevada,13,13.3,0,15.6,20513,22500,35625,186,70900,443,263,831
0500000US32011,Eureka County, Nevada,99,22.9,0,4,31057,49208,74943,374,89300,654,234,1665
0500000US32013,Humboldt County, Nevada,409,12.4,9,10,26547,28487,67220,2706,152900,781,1650,11419
0500000US32015,Lander County, Nevada,89,9.8,0,12.4,29302,49527,70506,961,104700,708,884,4169
0500000US32017,Lincoln County, Nevada,121,15.1,0,14.6,23523,23162,48323,922,139500,588,926,4403
0500000US32019,Lyon County, Nevada,2032,15.9,81,15.6,22709,29234,45986,9837,129300,922,9238,39785
0500000US32021,Mineral County, Nevada,90,10.8,0,16.2,23222,32088,53324,662,84400,508,974,2817
0500000US32023,Nye County, Nevada,1327,13.4,0,15.3,23035,22177,48762,8540,102300,803,11214,33469
0500000US32027,Pershing County, Nevada,233,11.8,4,11.5,18623,31570,54212,807,119900,625,938,4534
0500000US32029,Storey County, Nevada,252,20.7,0,13,37215,39219,66667,994,181300,699,930,3579
0500000US32031,Washoe County, Nevada,28713,27.9,552,10.6,28621,29355,46383,71474,201100,908,57479,279817
0500000US32033,White Pine County, Nevada,434,15.5,0,10.6,25857,36018,61394,1365,120700,768,1496,7509
0500000US33001,Belknap County, New Hampshire,4743,29.2,17,6,31044,33913,48589,10609,220600,899,10904,57369
0500000US33003,Carroll County, New Hampshire,4329,32.2,33,6.3,32860,28244,44400,9086,225400,907,10757,45902
0500000US33005,Cheshire County, New Hampshire,6196,30.8,94,7.9,29591,28208,50004,12693,191200,938,12148,72673
0500000US33007,Coos County, New Hampshire,1526,17.8,5,7.4,24737,26393,43421,5210,127600,677,6691,30777
0500000US33009,Grafton County, New Hampshire,10266,37.5,42,5.3,31221,29307,47041,13510,212800,892,14860,81945
0500000US33011,Hillsborough County, New Hampshire,35535,35.5,185,6.7,34767,37692,60044,62940,245900,1067,51790,349690
0500000US33013,Merrimack County, New Hampshire,13003,33.7,66,6,31579,35611,52169,23459,227300,942,21661,137700
0500000US33015,Rockingham County, New Hampshire,29336,38,646,6.2,39605,40455,65103,46504,279800,1114,41539,278950
0500000US33017,Strafford County, New Hampshire,9800,33.2,273,6.8,29757,28990,52155,18912,217900,973,15933,114548
0500000US33019,Sullivan County, New Hampshire,3121,27.4,12,6.7,29073,34378,48254,7313,170700,856,7601,41392
0500000US37001,Alamance County, North Carolina,6733,21,55,9.5,23324,26666,40948,25090,135800,743,23403,102201
0500000US37003,Alexander County, North Carolina,929,13,0,10.5,20112,25786,37829,5079,120700,576,6318,32528
0500000US37005,Alleghany County, North Carolina,409,17.4,0,13.2,19452,21664,33379,1865,145500,577,2410,9615
0500000US37007,Anson County, North Carolina,718,10.7,0,19.5,17091,23355,35080,3224,78700,676,3974,11987
0500000US37009,Ashe County, North Carolina,1178,18.6,14,9.2,21149,20980,32590,4824,151300,648,5915,25242
0500000US37011,Avery County, North Carolina,959,20.1,2,8.6,21541,21552,34146,2745,144700,706,3351,15005
0500000US37013,Beaufort County, North Carolina,2269,17.8,0,12.9,21789,26119,43170,7659,116600,653,9549,31512
0500000US37015,Bertie County, North Carolina,424,11.1,13,15.2,16557,22373,33335,2632,79300,620,3826,7206
0500000US37017,Bladen County, North Carolina,770,11.5,0,12.9,19059,25074,38792,5372,86100,614,5913,18963
0500000US37019,Brunswick County, North Carolina,7621,25.4,132,13.2,27260,23935,42827,24639,179800,860,27396,91603
0500000US37021,Buncombe County, North Carolina,22765,35.1,435,8,26930,26433,41298,43312,189500,828,41499,205639
0500000US37023,Burke County, North Carolina,4029,17.4,54,13.1,20346,25448,34107,12610,111700,626,15424,74205
0500000US37025,Cabarrus County, North Carolina,9372,26.2,180,11.1,25544,31533,48849,30350,167700,808,21924,129927
0500000US37027,Caldwell County, North Carolina,2275,13.4,13,13.6,19397,25183,36429,11133,107000,619,13679,72489
0500000US37029,Camden County, North Carolina,413,19.3,143,11,26388,36109,52770,1562,216000,1143,1443,8103
0500000US37031,Carteret County, North Carolina,4297,24.2,901,11,27975,26181,42329,12258,193500,780,13841,58835
0500000US37033,Caswell County, North Carolina,699,10.7,0,12.1,19057,23130,34321,2954,97700,605,4192,14292
0500000US37035,Catawba County, North Carolina,7175,21.5,46,9.2,23355,26342,40586,23120,133100,685,23532,119555
0500000US37037,Chatham County, North Carolina,8244,36.2,21,9.8,32369,29963,43455,11570,219000,786,13980,47041
0500000US37039,Cherokee County, North Carolina,1364,18.4,0,9.8,18556,21198,36094,4351,137800,637,6733,24974
0500000US37041,Chowan County, North Carolina,784,20.9,46,12.6,21179,26744,43023,2518,138000,725,3057,8925
0500000US37043,Clay County, North Carolina,744,20.1,0,13.5,21935,20859,32162,2058,146400,668,2758,10162
0500000US37045,Cleveland County, North Carolina,4056,16.5,23,13.5,20512,26278,39302,14573,104100,655,15760,71984
0500000US37047,Columbus County, North Carolina,1507,12.7,38,10.6,19289,24179,33939,7722,83600,591,9469,34629
0500000US37049,Craven County, North Carolina,4703,21.6,6213,12.9,24582,26112,40455,15620,153500,886,16837,69793
0500000US37051,Cumberland County, North Carolina,15617,22.9,26994,13,23204,28591,40371,46259,128600,866,32663,149239
0500000US37053,Currituck County, North Carolina,815,19.2,174,7.6,26703,30718,44578,4211,223600,973,3292,21282
0500000US37055,Dare County, North Carolina,2374,29.4,48,6.5,30958,28622,41548,6375,284400,1041,5815,30386
0500000US37057,Davidson County, North Carolina,5727,17.9,68,11.9,22465,28866,41993,24798,131500,642,25492,133437
0500000US37059,Davie County, North Carolina,2477,25.6,39,8.6,26739,28737,42025,7182,164100,685,7352,35189
0500000US37061,Duplin County, North Carolina,1314,10.4,60,12,17677,21461,31533,8686,86000,626,8782,31111
0500000US37063,Durham County, North Carolina,39265,45.6,182,8.1,29801,31396,45840,47668,180200,877,29335,118843
0500000US37065,Edgecombe County, North Carolina,1139,10.7,0,16.9,17652,23125,34008,7859,81700,649,8779,20762
0500000US37067,Forsyth County, North Carolina,27068,32.1,280,9.8,26670,28745,45573,58562,150300,731,48826,208339
0500000US37069,Franklin County, North Carolina,2275,18.2,13,12.1,21836,28089,40879,10845,127200,716,8684,39177
0500000US37071,Gaston County, North Carolina,7383,18.5,54,12.7,22654,27377,43026,31953,124000,723,29556,156042
0500000US37073,Gates County, North Carolina,230,12.5,45,12.6,22207,31485,47155,1696,144500,751,1946,7431
0500000US37075,Graham County, North Carolina,271,16.6,0,10.2,20525,26869,34089,1239,122300,576,1787,7748
0500000US37077,Granville County, North Carolina,1854,17.7,6,10,22756,32060,43330,9087,137800,752,8147,33999
0500000US37079,Greene County, North Carolina,445,9.7,96,11.9,18477,23970,35593,2530,86100,597,2888,10125
0500000US37081,Guilford County, North Carolina,37389,33.7,386,10.1,26322,28164,44199,85797,155500,761,65277,265471
0500000US37083,Halifax County, North Carolina,1428,11.9,51,15.9,18728,24858,37414,7817,86400,663,9274,21138
0500000US37085,Harnett County, North Carolina,4573,18.9,4454,12.3,20274,27643,43547,16635,133400,782,12981,77263
0500000US37087,Haywood County, North Carolina,3716,23.8,51,7.8,24870,27779,41987,10576,157200,726,13153,55192
0500000US37089,Henderson County, North Carolina,8148,28.3,49,8.3,25617,25892,41038,20178,181600,749,25613,91222
0500000US37091,Hertford County, North Carolina,950,14.3,14,16.3,17289,21447,37477,3134,81300,625,4084,8256
0500000US37093,Hoke County, North Carolina,1314,18.4,3130,13.5,19036,26915,43323,6999,143500,778,3748,20489
0500000US37095,Hyde County, North Carolina,99,11.2,0,12.8,19796,21096,41113,996,80500,769,1026,3309
0500000US37097,Iredell County, North Carolina,8586,25.1,269,11.1,27125,30168,48169,27723,168000,808,22305,125706
0500000US37099,Jackson County, North Carolina,2873,29.3,93,8.2,21033,20730,33217,6033,173200,620,6581,32999
0500000US37101,Johnston County, North Carolina,5862,20,304,10,22589,30442,44194,29875,143500,781,19756,121668
0500000US37103,Jones County, North Carolina,354,13.7,84,10.8,20634,25579,38393,1525,97300,652,2025,6296
0500000US37105,Lee County, North Carolina,1833,20.2,363,11.2,21556,26231,40274,8278,132900,688,8466,34619
0500000US37107,Lenoir County, North Carolina,1672,13.9,91,12.6,19330,23830,36395,8460,92600,662,9977,30029
0500000US37109,Lincoln County, North Carolina,3093,19.9,0,11.6,25693,30860,44953,13479,152700,664,11495,67572
0500000US37113,Macon County, North Carolina,1978,22.4,16,9.5,24120,23484,37212,6490,166800,747,8558,30463
0500000US37115,Madison County, North Carolina,1104,20.3,0,8.9,20791,24187,42175,3549,158100,631,3947,19747
0500000US37117,Martin County, North Carolina,665,12.9,0,16.3,19313,26068,35722,3248,86200,620,4615,12475
0500000US37111,McDowell County, North Carolina,1465,13.9,41,12.8,18730,25084,35684,6653,101300,575,7920,39826
0500000US37119,Mecklenburg County, North Carolina,85330,41.5,567,10.1,32817,32475,51797,171179,181800,913,91241,480033
0500000US37121,Mitchell County, North Carolina,553,16.4,8,10.8,21388,23557,37613,2139,122500,563,3385,14389
0500000US37123,Montgomery County, North Carolina,710,14.9,0,12.6,19193,22061,36835,4410,88600,544,4713,17603
0500000US37125,Moore County, North Carolina,8038,32,1318,9.2,29570,29824,47044,16535,199000,740,21080,70140
0500000US37127,Nash County, North Carolina,3078,18.4,13,12.8,23056,26413,42287,15891,119200,744,14367,50224
0500000US37129,New Hanover County, North Carolina,17242,37.2,618,10,29742,27065,45625,38108,212300,902,30932,160866
0500000US37131,Northampton County, North Carolina,559,11.1,0,17.3,18546,26059,37826,2431,82800,640,4540,8253
0500000US37133,Onslow County, North Carolina,5420,18.4,30597,12.3,21583,25731,33672,23636,154100,962,14511,124000
0500000US37135,Orange County, North Carolina,25185,56.2,65,7.5,35406,28849,55440,20689,272700,918,14242,96189
0500000US37137,Pamlico County, North Carolina,680,19.9,7,9.3,24854,24027,43280,2004,159700,739,3095,9711
0500000US37139,Pasquotank County, North Carolina,1704,18.9,811,12.6,22466,25146,41276,5890,162800,837,5785,22084
0500000US37141,Pender County, North Carolina,2648,21.6,564,10.7,23383,26568,45559,8168,154500,799,8734,40151
0500000US37143,Perquimans County, North Carolina,405,16.7,24,11.7,23260,26750,44080,2420,163000,722,3115,9649
0500000US37145,Person County, North Carolina,857,14,44,12.9,21191,27831,40605,5876,113600,637,6359,26117
0500000US37147,Pitt County, North Carolina,10417,28.8,341,12.1,23439,24601,43693,29088,133400,738,18314,97411
0500000US37149,Polk County, North Carolina,1992,30,0,11.4,26686,27524,39059,3773,173600,720,5327,17965
0500000US37151,Randolph County, North Carolina,3646,14.1,5,10.1,20892,27495,40216,21694,119400,644,21466,114805
0500000US37153,Richmond County, North Carolina,1275,13.1,204,15.5,17982,23833,39729,6728,79500,606,6941,26956
0500000US37155,Robeson County, North Carolina,3180,12.4,199,13,15460,22230,34416,15900,67600,601,16369,36087
0500000US37157,Rockingham County, North Carolina,2410,13.1,5,12.3,21138,26834,39862,14282,105600,612,15963,67740
0500000US37159,Rowan County, North Carolina,4951,17.2,89,12.3,21149,26951,41651,20104,128700,725,21314,101320
0500000US37161,Rutherford County, North Carolina,2719,16.4,15,14.5,19686,25137,38918,9939,106500,604,12347,56401
0500000US37163,Sampson County, North Carolina,1519,12.1,70,12,19463,22635,34790,8724,87700,598,9544,33645
0500000US37165,Scotland County, North Carolina,1272,15,33,16.7,15787,23438,41158,4673,78700,607,5268,16225
0500000US37167,Stanly County, North Carolina,1945,15.6,6,13.7,20880,26804,39545,8438,128000,645,10063,49625
0500000US37169,Stokes County, North Carolina,1280,13.6,0,10.2,21406,28473,42124,6876,116700,614,8241,42900
0500000US37171,Surry County, North Carolina,2496,15.2,56,8.7,20164,25207,36530,11233,114100,615,12994,62099
0500000US37173,Swain County, North Carolina,489,15.3,6,9.2,19312,25586,40592,1879,123100,582,2479,9074
0500000US37175,Transylvania County, North Carolina,2925,29,0,8.5,24551,22011,37050,5410,181300,647,8945,29331
0500000US37177,Tyrrell County, North Carolina,120,8,0,17.5,16217,21744,32254,646,101800,619,681,2406
0500000US37179,Union County, North Carolina,11428,32.3,33,9.2,28765,33038,53628,35211,193500,869,21990,154755
0500000US37181,Vance County, North Carolina,1150,12.7,21,11.7,18815,26110,35202,6513,99800,656,6826,18653
0500000US37183,Wake County, North Carolina,105756,48.3,904,7.4,33727,36321,57750,168824,229200,935,88210,584852
0500000US37185,Warren County, North Carolina,950,15.2,15,9.6,19022,25098,35924,3129,97400,700,4127,7866
0500000US37187,Washington County, North Carolina,332,9.5,0,17.9,18794,23867,35545,1770,82600,638,2517,5803
0500000US37189,Watauga County, North Carolina,4832,38,31,10.8,21801,11596,38603,7099,225600,822,6836,47861
0500000US37191,Wayne County, North Carolina,4269,17.2,3075,12.8,21818,25671,36834,18987,108000,705,16957,68108
0500000US37193,Wilkes County, North Carolina,1900,12.9,79,14.5,18441,22772,34777,10130,110500,586,12901,61185
0500000US37195,Wilson County, North Carolina,2943,18.4,120,12.4,21426,25778,37475,13489,114700,727,12593,39800
0500000US37197,Yadkin County, North Carolina,954,13,0,8.8,22338,27293,37559,4950,120300,591,6551,32527
0500000US37199,Yancey County, North Carolina,896,18.7,33,10.9,21330,26718,37058,2288,142800,611,3901,16454
0500000US39001,Adams County, Ohio,793,9.8,0,15.3,17695,23962,39517,4409,88300,544,4435,27453
0500000US39003,Allen County, Ohio,4959,17.2,91,11.1,22585,24298,44511,15280,106200,652,16041,86408
0500000US39005,Ashland County, Ohio,2620,19.7,65,10.6,22441,25967,41736,8017,119900,681,8764,51249
0500000US39007,Ashtabula County, Ohio,3184,13.4,83,9.6,20284,24939,43349,14646,107300,631,16445,90681
0500000US39009,Athens County, Ohio,5190,28.8,0,11.5,17069,11662,40405,7431,113900,703,6920,58479
0500000US39011,Auglaize County, Ohio,1982,18.2,19,6.5,25033,30197,45185,6733,131500,652,7385,44371
0500000US39013,Belmont County, Ohio,2740,14.9,13,9,23285,24680,43238,10451,89700,554,12648,65172
0500000US39015,Brown County, Ohio,1339,11.4,14,11,22088,26310,41800,6442,114700,666,6841,43036
0500000US39017,Butler County, Ohio,23429,28.1,122,8.2,27394,30858,52082,56172,156300,815,45773,309318
0500000US39019,Carroll County, Ohio,913,10.6,5,7.8,22359,26118,44185,4111,110900,607,5153,27646
0500000US39021,Champaign County, Ohio,1355,16,18,10.2,23573,27267,47116,5626,121100,708,6126,37200
0500000US39023,Clark County, Ohio,5940,18.2,160,10.8,22941,26382,43844,21087,104200,669,23227,116592
0500000US39025,Clermont County, Ohio,11686,26.2,117,6.5,28708,32807,50471,31879,152400,765,25642,188212
0500000US39027,Clinton County, Ohio,1325,15.2,0,10.6,22828,27308,42954,6342,118300,685,5978,39203
0500000US39029,Columbiana County, Ohio,3479,13.6,9,9.8,22573,25454,42791,15913,97600,607,18507,100786
0500000US39031,Coshocton County, Ohio,964,12.1,0,9,20799,26116,42140,6003,95600,571,6189,35425
0500000US39033,Crawford County, Ohio,1343,12.6,14,9.3,21938,26027,40981,5989,87100,642,8027,41396
0500000US39035,Cuyahoga County, Ohio,108299,30.3,342,11.4,27892,30700,50109,199205,123300,736,201715,769600
0500000US39037,Darke County, Ohio,1640,11.6,8,8.7,22582,27082,43162,7204,110000,589,9289,50794
0500000US39039,Defiance County, Ohio,1430,16.3,0,8.6,23539,27522,44018,5508,107400,647,6214,33856
0500000US39041,Delaware County, Ohio,21664,51.1,90,4.1,41357,47452,75410,33943,248600,927,19132,159076
0500000US39043,Erie County, Ohio,4203,21.1,13,8.6,26909,27359,47204,12403,131900,710,14041,64487
0500000US39045,Fairfield County, Ohio,8667,26.2,167,7.3,28099,32617,53732,22218,163300,794,19707,130917
0500000US39047,Fayette County, Ohio,826,13.8,33,10,21033,25822,41691,4532,107800,701,4541,26968
0500000US39049,Franklin County, Ohio,104165,36.7,601,8.1,28807,31747,48647,199587,150000,834,124199,794955
0500000US39051,Fulton County, Ohio,1666,16.7,0,8.6,26070,29786,44238,6196,128600,664,6486,38270
0500000US39053,Gallia County, Ohio,1230,14.7,0,9,21049,24734,43612,4668,93000,585,5059,28902
0500000US39055,Geauga County, Ohio,8561,36,9,5,35407,36080,59517,12367,219500,818,15756,89984
0500000US39057,Greene County, Ohio,18835,36.9,2560,8.1,30629,31071,60060,26042,158300,851,23845,138327
0500000US39059,Guernsey County, Ohio,1327,13.2,60,11.6,21559,25665,41162,6247,94400,591,6712,37884
0500000US39061,Hamilton County, Ohio,70733,34.3,158,9.6,30062,31057,51155,127355,143000,708,109876,538689
0500000US39063,Hancock County, Ohio,4511,24.9,26,8,26612,28389,48030,12981,124500,664,11431,68062
0500000US39065,Hardin County, Ohio,1266,14.5,0,10.5,20011,21453,44372,4421,94700,650,4497,30420
0500000US39067,Harrison County, Ohio,387,9.5,0,6.7,22180,26444,43948,2587,86300,630,3011,14968
0500000US39069,Henry County, Ohio,1047,14.8,0,7.7,24604,31140,48153,4176,110600,682,4646,25566
0500000US39071,Highland County, Ohio,1215,11.2,0,14.2,19587,25993,39963,7421,98900,622,6984,41492
0500000US39073,Hocking County, Ohio,998,13.7,9,9.7,21253,27408,42795,4616,109500,574,4730,28186
0500000US39075,Holmes County, Ohio,652,7.8,0,5.5,17716,24983,36021,5169,155300,557,5149,42313
0500000US39077,Huron County, Ohio,1761,13.1,13,8.1,22666,27999,44681,8568,115600,622,8529,53898
0500000US39079,Jackson County, Ohio,1401,17.3,0,11.8,20250,26611,38978,5339,90700,634,4952,31719
0500000US39081,Jefferson County, Ohio,2807,15.2,0,9.2,22591,26106,45026,9416,86300,594,13024,62176
0500000US39083,Knox County, Ohio,2778,21.4,14,7.7,23926,27015,42983,9047,133300,691,9439,58439
0500000US39085,Lake County, Ohio,14218,26,65,7.2,29556,33247,52968,35615,148200,808,38956,206752
0500000US39087,Lawrence County, Ohio,2244,14.8,0,8.5,21760,28352,44592,9341,97300,644,10247,58993
0500000US39089,Licking County, Ohio,8673,22.6,119,7.3,27082,30526,50063,27230,150800,746,23802,154348
0500000US39091,Logan County, Ohio,1618,14.8,11,8.7,23897,28398,46237,7659,117100,707,7169,42946
0500000US39093,Lorain County, Ohio,17166,22.3,79,9.6,26487,30227,50858,48143,138000,747,46298,241118
0500000US39095,Lucas County, Ohio,27125,24.2,204,12.3,24683,26466,47440,68623,106300,664,60559,308206
0500000US39097,Madison County, Ohio,1373,15.7,13,7.3,23994,29891,51304,6119,146200,741,5714,38797
0500000US39099,Mahoning County, Ohio,12762,21.5,179,10.9,23628,25176,44946,34930,96900,629,43363,181869
0500000US39101,Marion County, Ohio,2310,12.5,0,9.7,20986,27106,42003,9052,97400,702,9922,59105
0500000US39103,Medina County, Ohio,11624,29.9,75,5.9,31291,34336,57435,28293,180100,832,24851,164390
0500000US39105,Meigs County, Ohio,678,11.9,0,14.1,19097,24776,43540,3543,83100,567,3894,22873
0500000US39107,Mercer County, Ohio,1591,15.9,0,6.2,24362,30100,43124,5582,127200,650,6545,39287
0500000US39109,Miami County, Ohio,5134,19.7,67,8.5,25654,30271,46834,15744,134200,741,16858,96214
0500000US39111,Monroe County, Ohio,410,10.3,0,8.4,22337,25196,43406,2058,88300,521,3023,14251
0500000US39113,Montgomery County, Ohio,35815,24.8,1796,10.6,25171,27068,46225,86668,110500,731,84894,386114
0500000US39115,Morgan County, Ohio,393,10.7,3,9,21010,25410,41294,2328,88600,537,2733,13884
0500000US39117,Morrow County, Ohio,1216,13.8,26,8.3,22825,29308,45204,5324,132600,662,5081,33758
0500000US39119,Muskingum County, Ohio,3177,14.6,53,9.7,20887,25182,41951,12723,106300,637,13658,79185
0500000US39121,Noble County, Ohio,397,9.5,2,10.8,20719,17226,37302,1413,83100,596,3326,13314
0500000US39123,Ottawa County, Ohio,2087,21.4,64,6.5,28703,30443,54621,6226,135800,703,8400,38347
0500000US39125,Paulding County, Ohio,577,12.7,23,7.7,23565,28281,44786,2840,94800,588,3075,17920
0500000US39127,Perry County, Ohio,984,11,45,11,19580,25933,42512,5705,89900,581,5029,35028
0500000US39129,Pickaway County, Ohio,2064,16.4,40,7.4,24341,30895,48656,8312,147500,762,7714,52575
0500000US39131,Pike County, Ohio,861,11.4,0,16.1,20292,27556,43766,4273,93100,670,4359,27318
0500000US39133,Portage County, Ohio,9881,25.5,30,10.2,25926,25822,47095,23610,149300,799,22192,146586
0500000US39135,Preble County, Ohio,1064,12.2,0,8,23603,27461,44633,6066,115900,708,6771,40617
0500000US39137,Putnam County, Ohio,1694,20.2,0,3.9,26060,32035,47228,4589,134300,692,5088,31905
0500000US39139,Richland County, Ohio,4498,15.9,46,9.8,21959,25996,42997,18082,102400,625,21157,106097
0500000US39141,Ross County, Ohio,2985,15,13,14.2,21536,28888,48128,10727,109400,662,10989,69765
0500000US39143,Sandusky County, Ohio,1894,14.1,19,8,23236,28016,44949,9118,109400,623,9691,51811
0500000US39145,Scioto County, Ohio,2803,14.4,14,11.1,20045,25464,44751,11094,90800,550,12520,73568
0500000US39147,Seneca County, Ohio,1860,14.7,0,9.7,22552,26094,42600,7860,97200,635,8604,50951
0500000US39149,Shelby County, Ohio,1964,15.6,3,6.9,25603,31377,46100,7280,126000,688,6725,46043
0500000US39151,Stark County, Ohio,18616,21.5,267,9.6,24821,27063,45429,56732,121700,679,63366,327840
0500000US39153,Summit County, Ohio,38943,29.9,178,9.5,28389,30826,50044,88798,133700,742,83065,427551
0500000US39155,Trumbull County, Ohio,7841,17.4,106,8.6,23139,26945,43949,30176,97700,630,37924,182337
0500000US39157,Tuscarawas County, Ohio,3186,14.7,0,7.9,22617,26605,41981,14213,109800,653,15812,88382
0500000US39159,Union County, Ohio,2853,26,75,5.6,28648,35259,55448,8708,173400,797,5499,48630
0500000US39161,Van Wert County, Ohio,1181,15.4,0,9.7,23686,28520,42110,3883,90000,635,4986,27144
0500000US39163,Vinton County, Ohio,284,8.7,0,12.1,18198,25408,39332,2204,79400,642,1965,12943
0500000US39165,Warren County, Ohio,20340,38.7,146,7,33421,39211,63564,35983,187800,936,25971,191958
0500000US39167,Washington County, Ohio,2340,16.6,33,8.6,23933,26897,43693,8985,108200,592,11316,58736
0500000US39169,Wayne County, Ohio,5548,20.2,32,6,23151,26788,43381,17012,135300,666,17664,108519
0500000US39171,Williams County, Ohio,1035,13.7,13,9.8,21413,27097,42034,5619,96200,630,6281,35024
0500000US39173,Wood County, Ohio,10118,30.8,107,8.9,27210,26140,51979,18701,145700,726,16627,114444
0500000US39175,Wyandot County, Ohio,665,13,16,7.7,23266,30060,41293,3680,105600,610,3851,21545
0500000US42001,Adams County, Pennsylvania,6220,21.2,88,6,27701,29340,47507,14407,194100,844,17214,91541
0500000US42003,Allegheny County, Pennsylvania,132681,36.9,461,7.6,32378,32639,52538,191547,124800,771,208247,982970
0500000US42005,Armstrong County, Pennsylvania,2003,14.6,2,8,24266,30203,44746,9063,93400,607,13168,66626
0500000US42007,Beaver County, Pennsylvania,9136,22.6,83,7.2,26925,31395,49434,23861,117300,642,32375,153254
0500000US42011,Berks County, Pennsylvania,21780,22.7,121,9.4,26998,31038,49197,63140,169200,849,62504,311334
0500000US42013,Blair County, Pennsylvania,5401,18.6,10,6.7,23785,26212,42399,17882,108500,630,23352,120714
0500000US42015,Bradford County, Pennsylvania,2620,17,11,6,24431,28603,44797,8758,123700,666,11550,60235
0500000US42017,Bucks County, Pennsylvania,62408,36.5,261,7.8,37910,40724,64329,92539,307600,1128,97905,538121
0500000US42019,Butler County, Pennsylvania,14215,31.7,68,6.5,31818,32886,56071,28749,173100,756,29704,176636
0500000US42021,Cambria County, Pennsylvania,6825,18.9,128,8.8,23191,26813,43454,18667,86800,561,27379,131087
0500000US42023,Cameron County, Pennsylvania,122,14.6,0,5.3,25087,28208,43309,726,69600,557,1107,4820
0500000US42025,Carbon County, Pennsylvania,2469,15,21,9.4,25294,28247,46122,9219,145200,750,12095,60410
0500000US42027,Centre County, Pennsylvania,17343,40.4,115,5.3,25803,21927,46634,20227,193500,894,18491,136021
0500000US42029,Chester County, Pennsylvania,65942,48.8,272,6.3,42323,42330,70785,79097,323600,1192,69406,411451
0500000US42031,Clarion County, Pennsylvania,1895,19.3,10,8.4,22341,24200,41238,5073,108200,596,6731,38082
0500000US42035,Clinton County, Pennsylvania,1499,17.2,30,6.9,21595,23389,42525,5340,113800,675,6603,37822
0500000US42037,Columbia County, Pennsylvania,3458,21.2,26,5.6,23913,28768,44551,8957,137000,710,11053,62935
0500000US42039,Crawford County, Pennsylvania,4311,19.6,12,8.1,22421,24466,41959,11914,103300,611,15268,83701
0500000US42041,Cumberland County, Pennsylvania,20905,32.8,411,5.9,32179,32675,51695,38398,185900,871,38909,211391
0500000US42043,Dauphin County, Pennsylvania,20512,28.2,465,7.5,29536,32490,49610,42056,159200,846,39002,186144
0500000US42045,Delaware County, Pennsylvania,54896,35.5,101,8.9,33539,36057,57339,82031,233400,978,81977,391269
0500000US42047,Elk County, Pennsylvania,1080,15.4,9,5.6,24071,30780,44186,3845,90400,563,6218,30877
0500000US42049,Erie County, Pennsylvania,17237,25.6,85,8.5,24505,26020,46261,41194,117200,685,42171,240599
0500000US42051,Fayette County, Pennsylvania,4181,13.9,49,9.5,21319,26219,41750,17157,87000,588,25119,125293
0500000US42053,Forest County, Pennsylvania,194,9.2,0,6.5,13680,17827,32143,648,84800,505,1533,5278
0500000US42055,Franklin County, Pennsylvania,7199,19.1,108,7.2,25540,31129,45305,22631,174300,801,26346,135596
0500000US42057,Fulton County, Pennsylvania,500,12.7,6,9,23192,28832,43152,2173,156300,641,2716,14252
0500000US42059,Greene County, Pennsylvania,1582,17,0,6.4,22847,27269,51107,4644,93300,624,6192,35084
0500000US42061,Huntingdon County, Pennsylvania,1738,14.3,0,8.1,20918,25334,41371,5915,115900,558,8089,42006
0500000US42063,Indiana County, Pennsylvania,5205,23.3,13,8.5,23577,22230,44536,11268,107000,678,14347,82985
0500000US42065,Jefferson County, Pennsylvania,1491,14.3,17,7.6,21952,25953,42347,6134,88700,580,8420,43838
0500000US42067,Juniata County, Pennsylvania,770,12.2,15,7.3,22134,28063,39909,3393,142400,587,4629,23636
0500000US42069,Lackawanna County, Pennsylvania,14615,25.7,103,7.6,25624,27816,46199,30386,145900,702,38904,189540
0500000US42071,Lancaster County, Pennsylvania,29714,24.7,211,6.7,26892,30500,49422,79879,187300,896,82525,442011
0500000US42073,Lawrence County, Pennsylvania,3931,19.4,23,7.4,23519,28092,44737,12940,97200,625,17365,83218
0500000US42075,Lebanon County, Pennsylvania,6775,19.8,188,7.8,27060,31124,47610,21082,164500,761,23792,115439
0500000US42077,Lehigh County, Pennsylvania,26116,28.1,80,9.9,28139,31043,51012,55124,193900,923,54306,246423
0500000US42079,Luzerne County, Pennsylvania,18161,21.4,137,8.6,25091,28709,44147,43887,121700,688,58926,277197
0500000US42081,Lycoming County, Pennsylvania,5578,19.4,4,8.5,23531,26567,42448,17235,134600,699,19669,106510
0500000US42083,McKean County, Pennsylvania,1849,15.6,4,10.1,23034,26851,41841,5941,74700,613,7537,40438
0500000US42085,Mercer County, Pennsylvania,5704,20.6,36,7.8,23195,24814,44162,16570,105100,612,22105,104925
0500000US42087,Mifflin County, Pennsylvania,1189,11.9,1,7.8,20772,26440,40598,6849,96700,621,9054,45129
0500000US42089,Monroe County, Pennsylvania,9356,23.2,128,13.7,25266,28249,50904,25541,183100,1038,23393,116388
0500000US42091,Montgomery County, Pennsylvania,113510,46.2,331,6.8,41699,42453,65827,126329,290800,1146,127132,630622
0500000US42093,Montour County, Pennsylvania,1752,28.3,2,7.4,30455,32173,49953,2546,157900,722,3523,17205
0500000US42095,Northampton County, Pennsylvania,20736,27.2,40,8.2,30116,32445,52088,45149,208900,952,49255,238006
0500000US42097,Northumberland County, Pennsylvania,3206,14.3,23,8.3,22633,27671,40675,13337,100500,609,17843,88245
0500000US42099,Perry County, Pennsylvania,1703,16.1,26,7.5,26242,32637,45436,6851,158700,723,6677,44034
0500000US42101,Philadelphia County, Pennsylvania,103996,24.5,312,14.9,22542,29111,43387,220977,143200,915,189666,560007
0500000US42103,Pike County, Pennsylvania,3582,22.9,16,13.1,27935,29812,51325,9934,189200,1101,10645,46729
0500000US42105,Potter County, Pennsylvania,806,15.4,8,6.9,22997,26104,41818,2653,100300,595,3598,16929
0500000US42107,Schuylkill County, Pennsylvania,5655,14.9,93,9.1,23249,29522,45004,19844,93800,627,27320,136203
0500000US42109,Snyder County, Pennsylvania,1711,16.6,11,5.6,23886,25172,40079,5294,139400,689,6431,38164
0500000US42111,Somerset County, Pennsylvania,2960,14.9,18,7.5,22618,26148,41688,9922,97400,572,14994,73270
0500000US42113,Sullivan County, Pennsylvania,283,15.6,6,8.3,23418,24875,45308,864,139400,569,1656,6009
0500000US42115,Susquehanna County, Pennsylvania,1868,16.7,23,8,25454,27705,43858,6274,145800,715,8069,41310
0500000US42117,Tioga County, Pennsylvania,2195,19.4,18,7.9,23596,26367,44077,6360,121300,684,7901,40791
0500000US42119,Union County, Pennsylvania,2549,21.3,28,6.5,22858,22144,42670,5608,154000,715,6921,38081
0500000US42121,Venango County, Pennsylvania,1987,15.9,24,7.3,22923,26160,41505,7823,80800,586,10233,52211
0500000US42123,Warren County, Pennsylvania,1932,18.4,10,7,25054,27071,43324,5631,89300,585,8173,40111
0500000US42125,Washington County, Pennsylvania,13424,26.6,91,7.1,29816,31878,53794,29499,147000,652,37826,193785
0500000US42127,Wayne County, Pennsylvania,3113,19.6,31,8.2,24132,25992,43664,7958,178600,783,10240,47510
0500000US42129,Westmoreland County, Pennsylvania,24075,26.2,88,6.5,28654,31223,51248,52237,137200,651,71243,342520
0500000US42131,Wyoming County, Pennsylvania,1141,17.9,2,7.8,25306,27544,44958,3709,157800,701,4839,27096
0500000US42133,York County, Pennsylvania,23664,22.5,330,8.3,28454,32904,50778,69539,170900,838,65495,374100
0500000US51001,Accomack County, Virginia,1857,18.3,127,7.5,23206,27510,35893,5295,152500,715,6634,20234
0500000US51003,Albemarle County, Virginia,17787,52.1,414,4.4,37510,35730,56294,16246,317300,1115,15668,78949
0500000US51005,Alleghany County, Virginia,792,16.9,16,6.2,24399,30869,46756,2009,111600,575,3660,14862
0500000US51007,Amelia County, Virginia,380,15.6,12,6,25545,32598,44203,2300,179300,679,2147,9203
0500000US51009,Amherst County, Virginia,1272,18.3,16,7.6,22938,26948,41824,4459,149000,687,5684,24405
0500000US51011,Appomattox County, Virginia,632,15.3,7,7.3,23098,31926,50428,2400,137100,674,2778,11609
0500000US51013,Arlington County, Virginia,62482,72,3061,3.6,62854,61871,86689,39168,594800,1802,19621,139255
0500000US51015,Augusta County, Virginia,3938,21.2,144,5,26398,29342,43130,10556,197600,806,12972,67775
0500000US51017,Bath County, Virginia,261,19.8,0,4.1,32259,31960,41679,836,151200,583,1188,4178
0500000US51021,Bland County, Virginia,225,14.2,2,8.3,19042,24914,43811,729,94100,607,1256,6382
0500000US51023,Botetourt County, Virginia,1795,25.4,0,5.3,32266,34491,54331,5276,210300,881,6119,30959
0500000US51025,Brunswick County, Virginia,633,13.3,0,9.8,17920,22279,37820,2201,104200,662,3015,6880
0500000US51027,Buchanan County, Virginia,527,8.6,0,11.2,18357,24923,50226,2807,68700,621,4307,22681
0500000US51029,Buckingham County, Virginia,384,11.2,13,11.2,17345,25897,33583,2047,128300,654,2632,10435
0500000US51031,Campbell County, Virginia,2420,18.9,60,6.8,23801,29591,43155,8339,151000,727,9437,44311
0500000US51033,Caroline County, Virginia,1282,19.3,635,11.6,26403,32060,47143,4488,188000,998,4063,18528
0500000US51035,Carroll County, Virginia,824,13,16,7.8,19761,24133,35765,4399,106100,528,6173,28524
0500000US51036,Charles City County, Virginia,252,11.8,3,10,26053,27604,42028,1030,154600,861,1370,2922
0500000US51037,Charlotte County, Virginia,516,15.4,1,6.4,18767,22854,34402,1810,97700,570,2403,8269
0500000US51041,Chesterfield County, Virginia,28431,36.6,1280,7.4,32942,37653,56626,52043,219800,1107,37702,208242
0500000US51043,Clarke County, Virginia,1264,32.2,0,6.2,38590,41572,61948,2616,337700,985,2528,12517
0500000US51045,Craig County, Virginia,121,13.1,0,6.6,22435,31972,47886,944,146100,550,983,5037
0500000US51047,Culpeper County, Virginia,2229,21.4,61,7.2,28076,34630,51172,8002,243400,1012,6233,34335
0500000US51049,Cumberland County, Virginia,335,16.4,0,10.3,22922,27902,41905,1597,133100,750,1769,6255
0500000US51051,Dickenson County, Virginia,440,10.2,0,9.5,17954,26102,43806,1960,72400,523,2786,15323
0500000US51053,Dinwiddie County, Virginia,948,13.7,77,10.2,23766,31662,42219,3989,159300,946,4261,17583
0500000US51057,Essex County, Virginia,407,13.7,0,7.9,21595,22849,35962,1798,158100,830,2109,6193
0500000US51059,Fairfax County, Virginia,216910,59.2,10532,5.1,51137,52172,84947,166710,486900,1724,119020,594129
0500000US51061,Fauquier County, Virginia,6214,34.3,154,5.4,41394,42733,65975,10137,351900,1161,9526,54321
0500000US51063,Floyd County, Virginia,629,16.7,0,6.5,22805,27445,40487,2417,153700,553,2935,14519
0500000US51065,Fluvanna County, Virginia,2018,29.6,29,6.3,30300,36708,47447,4427,214000,1219,4323,20451
0500000US51069,Frederick County, Virginia,5798,28.2,79,6.4,30764,35001,52683,13189,223300,1111,11204,68765
0500000US51071,Giles County, Virginia,811,17,7,5.4,24485,30248,44973,2451,107700,600,3241,16260
0500000US51073,Gloucester County, Virginia,2173,22.9,569,5.9,29396,32111,50274,6361,225400,847,5932,31533
0500000US51075,Goochland County, Virginia,2391,38.3,18,5.2,46306,39262,70455,4003,324800,947,3766,16689
0500000US51077,Grayson County, Virginia,313,10.8,7,9.2,18760,24014,32392,2053,93200,579,3418,14314
0500000US51079,Greene County, Virginia,1005,24.5,51,6.3,28727,36481,48245,2805,244400,980,2699,15996
0500000US51081,Greensville County, Virginia,292,8.5,0,8.8,14992,24265,36263,1164,100400,728,1661,4478
0500000US51083,Halifax County, Virginia,1327,14.6,25,9.3,19777,26853,36738,4596,106100,555,7357,21456
0500000US51650,Hampton city, Virginia,7601,23.3,4169,10.5,25131,30201,44693,19491,191800,1005,17614,55450
0500000US51085,Hanover County, Virginia,8603,36.3,92,5.2,34241,39786,61637,14605,257600,1049,14441,85345
0500000US51087,Henrico County, Virginia,31803,39.7,178,7.6,33576,35367,54126,52603,217300,1029,40976,176113
0500000US51089,Henry County, Virginia,1465,11.5,60,11.9,19538,22901,35776,7744,94600,590,10950,37562
0500000US51091,Highland County, Virginia,120,19.4,0,1.9,26949,21594,35486,259,181100,470,750,2254
0500000US51093,Isle of Wight County, Virginia,2351,26.1,266,8.3,31247,35918,54117,5543,245400,937,5702,25089
0500000US51095,James City County, Virginia,10226,46.1,704,5.8,39960,35267,63684,13812,320000,1159,15222,53652
0500000US51097,King and Queen County, Virginia,285,16.8,0,5,25406,29218,40733,1291,173300,878,1353,4654
0500000US51099,King George County, Virginia,2080,31.8,401,7.3,34995,42756,66606,4047,280900,1088,2655,18252
0500000US51101,King William County, Virginia,779,19.1,0,5.8,28981,36871,47290,2456,201400,967,2131,12208
0500000US51103,Lancaster County, Virginia,1099,28.7,7,8.3,30836,26461,40959,2078,222200,869,3693,7760
0500000US51105,Lee County, Virginia,719,11.1,35,11.7,16769,21780,35597,3014,75400,496,4415,23642
0500000US51107,Loudoun County, Virginia,49524,58,1197,4.3,46962,55991,94916,59842,443100,1673,24643,204542
0500000US51109,Louisa County, Virginia,1651,19.2,0,8,27481,31186,46620,5621,194500,963,5401,25971
0500000US51111,Lunenburg County, Virginia,370,12.5,9,7.4,18595,26029,39005,1861,104200,708,2328,7595
0500000US51113,Madison County, Virginia,824,23.1,0,6.8,26096,26281,43033,1885,237200,865,2603,11282
0500000US51115,Mathews County, Virginia,925,29,55,4.3,33487,36364,57373,1488,263700,976,2445,7726
0500000US51117,Mecklenburg County, Virginia,1462,15.2,4,7.9,20798,24707,35620,4968,123700,651,7032,18974
0500000US51119,Middlesex County, Virginia,843,28.3,14,6,30489,26263,41974,1785,241600,807,2944,8461
0500000US51121,Montgomery County, Virginia,11496,44.3,138,6,23727,18747,47891,13522,201100,851,9929,81446
0500000US51125,Nelson County, Virginia,1453,29,0,6.2,27958,29087,40622,2247,198500,658,3229,12186
0500000US51127,New Kent County, Virginia,974,24.6,27,7.4,33839,37893,52929,3132,247800,892,2555,15317
0500000US51700,Newport News city, Virginia,10391,24.1,7866,9.6,25408,28088,44222,26148,194600,975,20216,82511
0500000US51710,Norfolk city, Virginia,15226,25.6,22195,11.6,24252,25444,36419,32809,196700,965,23480,107885
0500000US51131,Northampton County, Virginia,607,20.4,46,9.1,23412,27451,34289,2225,162500,680,2884,6638
0500000US51133,Northumberland County, Virginia,779,23.6,0,8.7,29602,26222,46737,2378,241500,717,3966,8643
0500000US51135,Nottoway County, Virginia,428,12.2,100,10.9,19208,25481,37416,1850,128800,794,2769,8709
0500000US51137,Orange County, Virginia,2235,24,52,9.5,28856,31955,53115,5866,229000,877,6434,27334
0500000US51139,Page County, Virginia,772,12.4,4,11,22083,24114,41545,3399,178100,687,4491,22661
0500000US51141,Patrick County, Virginia,529,11.2,0,10.4,18916,25625,38855,2491,112500,534,4177,16542
0500000US51143,Pittsylvania County, Virginia,2064,14,15,8.3,21615,26966,41435,8839,107800,612,11688,46757
0500000US51145,Powhatan County, Virginia,1712,28,11,4.5,31918,39124,59375,4537,259500,1040,3954,23386
0500000US51147,Prince Edward County, Virginia,1462,22.4,0,8,17779,14667,43000,2892,155200,741,3373,14377
0500000US51149,Prince George County, Virginia,1517,18.5,1735,10.6,24521,32842,45879,4118,201600,1252,4186,20955
0500000US51153,Prince William County, Virginia,41467,38.1,6330,5.8,37440,44412,64868,68459,323400,1532,32199,201372
0500000US51155,Pulaski County, Virginia,1359,16.4,38,7.7,24722,30136,42342,5209,134300,603,6788,31604
0500000US51157,Rappahannock County, Virginia,795,32,0,3.3,37211,32046,55032,986,383700,999,1620,6642
0500000US51159,Richmond County, Virginia,275,12.9,0,10.8,19956,31141,43000,834,156800,745,1694,5590
0500000US51161,Roanoke County, Virginia,7563,34,131,5.6,31864,35411,51516,14543,194000,857,17181,81588
0500000US51163,Rockbridge County, Virginia,1727,23.5,0,3.3,26391,27414,38292,3597,184200,759,5021,20881
0500000US51165,Rockingham County, Virginia,4790,23.7,23,6,27696,29237,43752,12200,197300,795,13101,70118
0500000US51167,Russell County, Virginia,965,11.9,11,8.8,20117,27353,42600,4052,94500,535,5009,27585
0500000US51169,Scott County, Virginia,558,11.6,4,8.5,21376,26643,41352,2898,91700,491,4671,22116
0500000US51171,Shenandoah County, Virginia,2259,19.8,86,5.7,24967,28268,40524,6824,201200,782,8266,38080
0500000US51173,Smyth County, Virginia,1251,14.9,4,7.6,22010,26386,36544,4630,91200,570,6097,30186
0500000US51175,Southampton County, Virginia,582,14.8,56,6.6,23414,26873,43221,2843,159200,734,3071,11023
0500000US51177,Spotsylvania County, Virginia,8716,28.3,653,6.5,31842,37595,59436,20356,245600,1322,13767,89775
0500000US51179,Stafford County, Virginia,11983,37.1,4749,5.9,37237,44702,70786,20477,300000,1447,11095,89376
0500000US51800,Suffolk city, Virginia,5661,26.1,1628,8.9,30021,35616,55999,13992,240200,1022,10469,43103
0500000US51181,Surry County, Virginia,238,18.8,7,10.1,24469,30421,45691,993,160200,764,1206,3554
0500000US51183,Sussex County, Virginia,336,9,7,6.2,14316,14143,33673,1034,124500,693,1577,4601
0500000US51185,Tazewell County, Virginia,1298,12.8,17,8.9,21558,25524,41882,6306,89600,578,8011,41769
0500000US51810,Virginia Beach city, Virginia,34360,33.5,21701,6.2,32477,34930,50604,66205,263200,1239,50812,283364
0500000US51187,Warren County, Virginia,1710,19.7,32,7.8,29160,34634,51231,6396,210900,955,5209,33685
0500000US51191,Washington County, Virginia,3554,23.5,15,7.5,25807,27382,41816,9093,134000,610,10399,52525
0500000US51193,Westmoreland County, Virginia,897,16.5,6,10.5,25591,26656,40139,2698,188100,914,3877,11129
0500000US51195,Wise County, Virginia,1340,12.8,52,11.1,19970,23001,45967,5389,86300,612,6030,37643
0500000US51197,Wythe County, Virginia,1130,15.2,34,10.1,23237,25056,38388,4688,119200,599,5394,27576
0500000US51199,York County, Virginia,8283,42,3003,5.6,36004,41029,60849,9748,313100,1343,8747,48271
0500000US55001,Adams County, Wisconsin,712,12.6,7,10.8,22639,21732,42227,3387,133100,718,5223,18696
0500000US55003,Ashland County, Wisconsin,839,22.3,0,9,21159,23238,39057,2347,107400,588,2673,13382
0500000US55005,Barron County, Wisconsin,1986,16.6,0,6.9,23547,26215,39733,7499,135600,642,8748,43171
0500000US55007,Bayfield County, Wisconsin,1179,28.3,28,7.6,25919,25462,41740,2706,158300,563,3358,12908
0500000US55009,Brown County, Wisconsin,12958,27.5,130,7,27734,30601,47425,42069,158600,708,30987,209263
0500000US55011,Buffalo County, Wisconsin,507,17.7,0,4.4,25207,29807,41029,2046,142300,638,2538,12896
0500000US55013,Burnett County, Wisconsin,617,16.8,25,10.3,23542,23718,41434,3087,146900,645,3812,13960
0500000US55015,Calumet County, Wisconsin,2572,28,0,3.5,29406,35955,51380,8126,165700,678,6048,45590
0500000US55017,Chippewa County, Wisconsin,2383,19.2,24,6.7,25097,29080,43026,9641,147300,710,9577,59410
0500000US55019,Clark County, Wisconsin,713,11.7,11,5.8,21005,26870,38862,4906,110800,585,5450,32536
0500000US55021,Columbia County, Wisconsin,2767,22.2,77,6.4,28655,32964,49717,9130,174500,749,8740,53204
0500000US55023,Crawford County, Wisconsin,618,15.3,0,7,22801,23892,40235,2505,120100,572,3217,16009
0500000US55025,Dane County, Wisconsin,63774,47.6,252,5.5,33895,32409,52555,86480,229000,912,55726,408186
0500000US55027,Dodge County, Wisconsin,2991,15.7,20,7.2,24864,30395,45186,12891,152900,759,13734,80687
0500000US55029,Door County, Wisconsin,2063,29.4,28,7.6,30216,25913,45373,5112,192900,697,6849,26381
0500000US55031,Douglas County, Wisconsin,2052,21.9,26,8.2,24821,26805,45737,7919,130500,691,6651,40483
0500000US55033,Dunn County, Wisconsin,2569,25.3,18,6.3,23324,22370,43468,6616,154900,732,5873,41195
0500000US55035,Eau Claire County, Wisconsin,7024,31.1,67,5.7,25808,23615,43770,15763,149300,725,13326,91973
0500000US55037,Florence County, Wisconsin,150,15.4,0,7.4,24690,26416,44389,768,142600,572,942,4281
0500000US55039,Fond du Lac County, Wisconsin,4639,20.9,33,6.7,27158,31177,47862,16688,146200,695,16009,92943
0500000US55041,Forest County, Wisconsin,335,14.2,0,10,20890,23184,37995,1425,122200,470,1951,7477
0500000US55043,Grant County, Wisconsin,2307,20.2,23,4.8,22343,22954,39987,7094,129500,662,8156,49118
0500000US55045,Green County, Wisconsin,1708,20.9,2,4.7,27575,31087,44478,5907,157400,684,5851,35117
0500000US55047,Green Lake County, Wisconsin,766,17.3,2,6.9,25486,27966,42384,3193,138400,586,3794,17790
0500000US55049,Iowa County, Wisconsin,1196,23.2,11,4.7,27052,30514,42967,3892,161300,700,3672,22882
0500000US55051,Iron County, Wisconsin,325,20.6,0,9.7,25053,23737,42571,1053,105600,506,1609,5737
0500000US55053,Jackson County, Wisconsin,615,13.9,8,5.9,22169,26845,39523,3289,124800,605,3421,17881
0500000US55055,Jefferson County, Wisconsin,4085,23.3,12,6.5,26349,30063,45996,13888,174600,761,11726,76084
0500000US55057,Juneau County, Wisconsin,678,12.4,81,9.3,22439,26492,41371,4205,116400,688,4904,24552
0500000US55059,Kenosha County, Wisconsin,8885,24.3,255,10.6,26560,30750,51409,26411,163800,851,19771,129261
0500000US55061,Kewaunee County, Wisconsin,535,14.4,15,5.5,25651,31581,44337,3040,145600,622,3618,19650
0500000US55063,La Crosse County, Wisconsin,8424,30.8,56,5.6,26719,27110,43123,18209,154500,741,16241,105628
0500000US55065,Lafayette County, Wisconsin,567,17.3,6,4.3,24370,28492,38385,2475,122800,628,2688,16001
0500000US55067,Langlade County, Wisconsin,600,13.5,2,7.7,23081,25590,40475,3035,109900,596,4121,18736
0500000US55069,Lincoln County, Wisconsin,1013,15.2,3,6.7,25371,28904,44793,4501,131800,614,5443,27411
0500000US55071,Manitowoc County, Wisconsin,3226,19.6,32,6.5,26085,30673,46313,12557,124900,604,14373,74342
0500000US55073,Marathon County, Wisconsin,6754,23,89,6.8,27723,30904,45046,20824,142900,690,20328,121014
0500000US55075,Marinette County, Wisconsin,1361,13.9,0,9,23751,26824,45391,7022,107100,594,8610,39825
0500000US55077,Marquette County, Wisconsin,444,13,18,8.4,23914,27208,41227,2565,139500,728,3280,14418
0500000US55078,Menominee County, Wisconsin,146,16.5,6,16.2,15201,23871,35714,374,91100,506,637,535
0500000US55079,Milwaukee County, Wisconsin,61739,28.7,222,10.5,24622,28752,45627,151205,154400,802,111948,510604
0500000US55081,Monroe County, Wisconsin,1507,17.5,364,6.3,23406,29050,41420,7029,135600,759,6662,41440
0500000US55083,Oconto County, Wisconsin,1320,15.4,0,7.1,26230,30978,46031,6406,149900,610,6498,35866
0500000US55085,Oneida County, Wisconsin,2536,24.4,0,7.3,26352,25079,44053,6409,162000,742,8148,34182
0500000US55087,Outagamie County, Wisconsin,9217,26.9,56,4.8,28441,32799,51336,29776,156200,727,22209,159333
0500000US55089,Ozaukee County, Wisconsin,10110,46.4,26,5.1,42537,37266,67306,13852,247300,820,14124,80693
0500000US55091,Pepin County, Wisconsin,258,17.1,0,5.8,24945,27432,42634,1175,133000,580,1441,7190
0500000US55093,Pierce County, Wisconsin,2079,26.3,28,4.9,28559,28073,49303,5978,187400,760,4687,38883
0500000US55095,Polk County, Wisconsin,1873,19.2,0,8.2,26356,28707,45756,7682,155500,720,7522,41815
0500000US55097,Portage County, Wisconsin,3983,28.3,33,7.8,25462,24177,46123,10179,147600,664,9616,64882
0500000US55099,Price County, Wisconsin,446,16.1,0,5.4,24535,27677,41722,2193,116800,576,3121,13304
0500000US55101,Racine County, Wisconsin,10484,23.4,37,9.4,27732,32108,51369,31033,167300,783,27096,143728
0500000US55103,Richland County, Wisconsin,807,16.7,2,5.9,23691,26666,40296,2770,123900,608,3400,17038
0500000US55105,Rock County, Wisconsin,7473,20,41,9.4,24715,28305,46705,24816,131500,744,22934,134931
0500000US55107,Rusk County, Wisconsin,472,14.2,0,8,21475,23568,37151,2304,102600,654,3072,13925
0500000US55111,Sauk County, Wisconsin,2970,21.9,23,5.7,25709,28227,43500,10447,168200,737,10043,57659
0500000US55113,Sawyer County, Wisconsin,964,22.1,5,9.4,24423,22442,41894,3070,159200,646,3622,12878
0500000US55115,Shawano County, Wisconsin,1367,15.1,3,6.9,23843,27193,41544,6742,130600,616,7989,36531
0500000US55117,Sheboygan County, Wisconsin,5533,22.5,15,6.8,26580,30552,47514,18794,150800,660,17702,99461
0500000US55109,St. Croix County, Wisconsin,5597,32.4,99,6.1,33035,37000,56395,15380,205700,881,9485,80812
0500000US55119,Taylor County, Wisconsin,620,13.8,2,6.3,23742,28527,40257,3184,127400,557,3528,19959
0500000US55121,Trempealeau County, Wisconsin,1209,18.1,0,4.9,25490,30317,41114,4577,137200,644,4803,26944
0500000US55123,Vernon County, Wisconsin,1440,20.1,0,5,23968,28755,41267,4752,139800,626,5310,29106
0500000US55125,Vilas County, Wisconsin,1458,24.9,0,9.1,26016,23339,40935,4217,193500,676,5868,18346
0500000US55127,Walworth County, Wisconsin,6324,26.3,33,8,27321,27302,44100,16254,191400,820,14672,88460
0500000US55129,Washburn County, Wisconsin,739,20.5,0,7.9,25313,25832,41463,3111,142200,644,3585,14991
0500000US55131,Washington County, Wisconsin,7393,27.9,31,5.6,33173,37292,56334,23777,217900,833,19246,124332
0500000US55133,Waukesha County, Wisconsin,37068,41,100,5.1,38151,40597,63787,63564,249900,925,60372,352872
0500000US55135,Waupaca County, Wisconsin,1676,16.5,0,7.1,26816,30479,47749,7840,136100,672,9749,49719
0500000US55137,Waushara County, Wisconsin,870,15.2,14,8.2,23195,26195,42333,4057,138100,659,5149,22032
0500000US55139,Winnebago County, Wisconsin,8684,26.1,110,5.7,27295,29487,47131,28208,142100,673,23560,151770
0500000US55141,Wood County, Wisconsin,3517,18.9,20,6.9,26302,29648,45705,12551,120000,613,13163,69412