id,County,State,Estimate..EDUCATIONAL.ATTAINMENT..Population.25.years.and.over..Graduate.or.professional.degree,Percent.Estimate..EDUCATIONAL.ATTAINMENT..Population.25.years.and.over..Bachelor.s.degree.or.higher,Percent.Estimate..EMPLOYMENT.STATUS..Population.16.years.and.over..In.labor.force..Civilian.labor.force..Unemployed,Estimate..INCOME.AND.BENEFITS..IN.2018.INFLATION.ADJUSTED.DOLLARS...Per.capita.income..dollars.,Estimate..INCOME.AND.BENEFITS..IN.2018.INFLATION.ADJUSTED.DOLLARS...Median.earnings.for.workers..dollars.,Estimate..INCOME.AND.BENEFITS..IN.2018.INFLATION.ADJUSTED.DOLLARS...Median.earnings.for.male.full.time..year.round.workers..dollars.,Estimate..YEAR.HOUSEHOLDER.MOVED.INTO.UNIT..Occupied.housing.units..Moved.in.2010.to.2014,Estimate..VALUE..Owner.occupied.units..Median..dollars.,Estimate..GROSS.RENT..Occupied.units.paying.rent..Median..dollars.,Estimate..SEX.AND.AGE..Total.population..65.years.and.over,Estimate..HISPANIC.OR.LATINO.AND.RACE..Total.population..Not.Hispanic.or.Latino..White.alone
0500000US08001,Adams County, Colorado,24087,23.6,3.1,28897,35079,49362,56291,273000,1270,49181,251342
0500000US08003,Alamosa County, Colorado,971,26.1,5.5,21328,21583,40076,1834,157500,657,2113,7940
0500000US08005,Arapahoe County, Colorado,64855,42.2,3.1,38972,38855,54891,80719,327800,1307,78627,386645
0500000US08007,Archuleta County, Colorado,1299,38.9,3.3,31035,25602,38610,1479,295500,934,3168,9890
0500000US08009,Baca County, Colorado,151,22.1,1.4,23862,26394,37059,444,82200,475,923,3038
0500000US08011,Bent County, Colorado,162,12.4,2.4,14777,29844,39426,491,80600,644,1005,3682
0500000US08013,Boulder County, Colorado,58041,60.8,3.3,43831,35036,68304,40059,462200,1411,42068,249803
0500000US08014,Broomfield County, Colorado,9329,55.5,2.6,47016,48176,70753,8455,382800,1583,8499,50996
0500000US08015,Chaffee County, Colorado,2002,33.5,1.5,29365,29458,42464,2119,335900,800,4670,16276
0500000US08017,Cheyenne County, Colorado,34,20,4.8,25234,33859,49167,179,104000,579,245,1579
0500000US08019,Clear Creek County, Colorado,1346,46.5,1.2,40655,39250,63577,1224,357000,913,1769,8367
0500000US08021,Conejos County, Colorado,279,20.2,6.1,19545,26368,41586,639,117600,533,1466,3584
0500000US08023,Costilla County, Colorado,247,19.1,5.2,20715,21522,30049,398,113200,612,987,1217
0500000US08025,Crowley County, Colorado,137,9.6,7,14988,19913,41443,217,71700,815,724,3517
0500000US08027,Custer County, Colorado,459,36.9,2.5,26976,25783,51500,527,262200,644,1685,3946
0500000US08029,Delta County, Colorado,1666,21.2,4.1,24886,26060,42527,3166,219000,851,7499,24709
0500000US08031,Denver County, Colorado,92772,47.9,2.9,41196,40458,53421,108026,357300,1217,78751,372710
0500000US08033,Dolores County, Colorado,120,21.3,0.6,24505,30578,40164,144,115900,713,471,1674
0500000US08035,Douglas County, Colorado,44077,57.9,2.2,51017,54493,88954,38302,441100,1655,35801,271949
0500000US08037,Eagle County, Colorado,5120,48.1,1.8,41064,38278,49744,4670,538600,1507,5482,36501
0500000US08041,El Paso County, Colorado,66263,37.9,3.8,32348,32512,51694,81587,254300,1119,83244,477996
0500000US08039,Elbert County, Colorado,1934,35.9,1.9,43349,46860,68668,2455,425500,1038,3689,22374
0500000US08043,Fremont County, Colorado,2464,18.2,2.3,21965,28320,45233,4946,163300,805,9807,37224
0500000US08045,Garfield County, Colorado,4079,30,3.1,32491,36718,52548,7242,337900,1215,7034,40078
0500000US08047,Gilpin County, Colorado,638,38.7,1.7,48460,45506,65000,772,337400,1109,858,5123
0500000US08049,Grand County, Colorado,1153,37.8,3.7,34717,32393,48261,1649,295800,1010,2423,13198
0500000US08051,Gunnison County, Colorado,1771,55.3,4.2,30127,25746,45217,1920,339400,1005,2044,14418
0500000US08053,Hinsdale County, Colorado,83,43.9,2.1,34644,30583,34844,85,331100,732,241,792
0500000US08055,Huerfano County, Colorado,310,21.4,2,25636,29819,40737,720,157200,631,2033,4186
0500000US08057,Jackson County, Colorado,36,16.8,1.4,25467,30372,39625,127,195400,675,288,1037
0500000US08059,Jefferson County, Colorado,66834,44.1,2.6,41930,41338,62023,67277,366800,1285,88707,446868
0500000US08061,Kiowa County, Colorado,59,21.5,1.8,24012,26757,36542,129,80100,594,285,1260
0500000US08063,Kit Carson County, Colorado,322,18.9,3.1,27471,28474,40810,807,140800,763,1378,5852
0500000US08067,La Plata County, Colorado,6272,43.9,2.7,37864,32503,48531,6641,375400,1121,8634,43382
0500000US08065,Lake County, Colorado,435,34,3.7,28062,30739,40288,1298,214000,955,886,4997
0500000US08069,Larimer County, Colorado,41471,46.3,3.4,35390,31883,54992,44993,336200,1228,49587,280122
0500000US08071,Las Animas County, Colorado,741,19.7,4.2,25118,25448,40621,1455,147100,702,3253,7471
0500000US08073,Lincoln County, Colorado,153,12.8,1,16219,30405,42202,410,135700,808,951,3668
0500000US08075,Logan County, Colorado,1002,20.5,2.6,25776,29730,43454,2439,154500,744,3647,16870
0500000US08077,Mesa County, Colorado,9714,27.4,4.8,28518,29378,50724,19224,214400,934,26902,122306
0500000US08079,Mineral County, Colorado,98,39.9,0.9,35229,30980,42063,73,293600,719,250,714
0500000US08081,Moffat County, Colorado,495,17.1,2.6,27845,31694,49630,1245,170700,777,1816,10597
0500000US08083,Montezuma County, Colorado,1908,28.6,2.9,25161,27332,47438,2951,208300,762,5353,18827
0500000US08085,Montrose County, Colorado,2337,23.9,3.9,25803,29914,42740,5188,212900,859,9249,31394
0500000US08087,Morgan County, Colorado,1178,17.6,2.8,24189,30039,42190,2988,183900,775,4320,16593
0500000US08089,Otero County, Colorado,745,17.7,4.4,20109,24707,38725,2152,91900,669,3616,9864
0500000US08091,Ouray County, Colorado,773,48.6,2.9,36138,32336,49831,684,419900,1139,1285,4401
0500000US08093,Park County, Colorado,1156,30.2,3.5,35939,38949,52719,1997,284800,1106,3322,15507
0500000US08095,Phillips County, Colorado,232,25.5,1.1,29236,35498,50833,497,155500,710,793,3267
0500000US08097,Pitkin County, Colorado,2057,63.1,3.5,56180,36708,50563,2025,623400,1284,3083,15317
0500000US08099,Prowers County, Colorado,422,17.4,4.7,21612,26502,36435,1197,94100,677,2066,7172
0500000US08101,Pueblo County, Colorado,8536,22,4.8,24257,28701,45176,18656,155400,803,29234,86059
0500000US08103,Rio Blanco County, Colorado,256,20.2,3.2,27057,31467,53717,631,203100,734,935,5482
0500000US08105,Rio Grande County, Colorado,709,23.7,5.1,22413,23622,35913,1131,161300,588,2143,5920
0500000US08107,Routt County, Colorado,3309,50.4,2.2,40727,35861,51297,3159,510600,1215,3459,22270
0500000US08109,Saguache County, Colorado,326,22.9,3.6,22901,23589,34659,589,149500,635,1381,3785
0500000US08111,San Juan County, Colorado,32,34.5,1.9,33984,33875,40278,58,286700,975,152,489
0500000US08113,San Miguel County, Colorado,928,56.7,2,45396,34750,50471,1088,491100,1125,995,6885
0500000US08115,Sedgwick County, Colorado,125,20.8,3.8,25048,26519,43182,258,87300,575,608,1934
0500000US08117,Summit County, Colorado,3048,51,2.7,38310,35299,42326,3024,563000,1402,3601,25032
0500000US08119,Teller County, Colorado,2499,34,3.9,34392,33573,57769,2978,279100,1070,4875,21495
0500000US08121,Washington County, Colorado,138,16.2,1.7,26680,29579,42275,473,138700,693,944,4229
0500000US08123,Weld County, Colorado,15721,26.7,3,30626,36113,53796,32871,269400,1014,34304,194813
0500000US08125,Yuma County, Colorado,506,22.1,1.8,25846,30720,45381,1144,171600,769,1829,7579
0500000US12001,Alachua County, Florida,33137,42.5,3.6,27896,26459,46014,31587,173900,958,34804,161957
0500000US12003,Baker County, Florida,787,13.4,2.9,24070,31739,44644,2006,120900,769,3827,22640
0500000US12005,Bay County, Florida,10202,22.8,3.5,28017,29838,43702,21376,172600,1009,30160,139651
0500000US12007,Bradford County, Florida,623,10.6,2.6,20481,30678,42369,2159,97200,829,4797,19990
0500000US12009,Brevard County, Florida,47563,29.3,3.4,30987,31150,50501,67945,177400,1018,133083,431690
0500000US12011,Broward County, Florida,159562,31.9,4.3,31464,31777,46308,224029,243100,1332,303981,710438
0500000US12013,Calhoun County, Florida,268,9.9,3.1,18921,29432,34667,1146,81300,661,2660,11119
0500000US12015,Charlotte County, Florida,12679,23.2,3,30528,26049,40153,23325,176500,976,69046,148899
0500000US12017,Citrus County, Florida,7234,17.6,3.4,25983,26108,38757,17034,123800,815,51358,126367
0500000US12019,Clay County, Florida,10654,24.1,4.6,29138,33567,49708,20076,174400,1129,30931,152228
0500000US12021,Collier County, Florida,40229,36.2,2.4,43256,29532,42175,44910,340100,1228,112279,230233
0500000US12023,Columbia County, Florida,2508,15.6,4.9,23901,29054,40989,6750,117800,827,12424,50262
0500000US12027,DeSoto County, Florida,847,11.4,2.3,18311,22274,28839,4227,84400,684,7760,20017
0500000US12029,Dixie County, Florida,381,9.4,2,20527,28317,40159,1417,74500,644,3732,13878
0500000US12031,Duval County, Florida,60843,29.2,4.2,30012,31973,45788,111910,166900,1037,123480,494360
0500000US12033,Escambia County, Florida,18871,26.4,3.7,26730,29192,42764,36431,133600,967,50472,201285
0500000US12035,Flagler County, Florida,7506,24.4,2.6,27689,27608,42014,12261,200000,1159,31580,80249
0500000US12037,Franklin County, Florida,612,17.1,3.4,25037,27345,38306,1047,139500,803,2515,9030
0500000US12039,Gadsden County, Florida,1921,16.7,3.7,20158,29260,37202,3952,99000,678,7614,14961
0500000US12041,Gilchrist County, Florida,450,14.2,3,21379,25780,37574,1337,97800,617,3517,15232
0500000US12043,Glades County, Florida,278,9.9,4,21020,25960,41576,1070,76400,746,3463,8053
0500000US12045,Gulf County, Florida,849,17.7,3.3,21255,26065,37162,1383,150300,1057,3195,12001
0500000US12047,Hamilton County, Florida,238,9.3,5.3,15097,23292,40309,1026,71100,594,2351,7832
0500000US12049,Hardee County, Florida,570,10.4,3.1,18257,24560,31787,2190,81800,709,4206,12865
0500000US12051,Hendry County, Florida,904,8.2,5,18900,22634,33562,3303,82000,768,5287,13127
0500000US12053,Hernando County, Florida,7975,17.5,3.4,24551,28849,41360,21523,130300,958,50317,143190
0500000US12055,Highlands County, Florida,4809,17,4.6,23722,21349,35994,11372,93800,776,35532,69021
0500000US12057,Hillsborough County, Florida,111049,32.7,4,31173,32687,48321,172391,198000,1094,189676,682935
0500000US12059,Holmes County, Florida,416,10.3,4.9,18574,25929,36971,1532,93200,682,3849,16894
0500000US12061,Indian River County, Florida,12788,28.3,3.4,35172,27360,40580,17513,185800,957,47735,114195
0500000US12063,Jackson County, Florida,1916,13.4,3.9,18882,26414,36774,3716,98800,656,8981,31672
0500000US12065,Jefferson County, Florida,944,22,2.3,23448,30234,43971,1065,117900,758,3101,8383
0500000US12067,Lafayette County, Florida,454,15.8,5.4,19870,31325,40194,382,105900,625,1177,5806
0500000US12069,Lake County, Florida,19937,22.7,3.4,27052,29174,42269,39215,167200,1043,88151,236868
0500000US12071,Lee County, Florida,56152,27.8,3.1,31924,29144,41346,97753,207700,1093,198022,487378
0500000US12073,Leon County, Florida,33810,45.7,5.1,29754,27396,47595,35383,195000,1004,35700,163785
0500000US12075,Levy County, Florida,1266,12.6,3.3,22025,26090,36592,4317,99400,707,9401,31997
0500000US12077,Liberty County, Florida,254,12.7,4.3,17197,30463,37841,500,66600,581,1305,6363
0500000US12079,Madison County, Florida,701,13.8,2.4,19223,25314,37344,1212,87400,698,3642,10057
0500000US12081,Manatee County, Florida,31695,29.3,3.2,32070,30595,43650,47051,218900,1102,98927,267310
0500000US12083,Marion County, Florida,16639,19.4,4.1,24570,26591,37956,39902,127100,859,98883,246731
0500000US12085,Martin County, Florida,14952,33,2.7,40389,31432,48007,18338,255000,1107,47411,123852
0500000US12086,Miami-Dade County, Florida,203011,28.8,3.9,26838,28215,38247,284042,268200,1257,423353,365131
0500000US12087,Monroe County, Florida,7451,33.3,1.8,43477,33945,43108,10123,468200,1616,16263,51024
0500000US12089,Nassau County, Florida,6323,28.2,2.7,35335,34087,54355,9250,218100,1058,16835,70385
0500000US12091,Okaloosa County, Florida,15733,30.6,3.3,31901,31230,47516,24808,207600,1101,31003,148420
0500000US12093,Okeechobee County, Florida,842,11.4,3.4,19943,26530,37696,3459,89800,750,7793,25805
0500000US12095,Orange County, Florida,100892,33.8,4,28859,30214,42516,161897,216000,1160,150264,539349
0500000US12097,Osceola County, Florida,13842,20.5,3.9,21331,25412,34718,37544,179800,1188,43188,111250
0500000US12099,Palm Beach County, Florida,141930,35.7,3.9,37998,31494,47778,174277,264400,1320,336908,799770
0500000US12101,Pasco County, Florida,29390,23.4,3.5,27786,32192,47266,61133,149000,1025,114764,385808
0500000US12103,Pinellas County, Florida,79067,31,3.3,33478,32172,45961,128238,183000,1064,228495,711722
0500000US12105,Polk County, Florida,31213,20,3.8,23812,29354,40890,70833,135400,944,133538,401087
0500000US12107,Putnam County, Florida,2334,12.4,5,19976,23876,37277,7444,84500,708,16270,52092
0500000US12113,Santa Rosa County, Florida,11389,28.1,3.2,30904,34158,53413,18134,184400,1087,26193,140846
0500000US12115,Sarasota County, Florida,46203,34.7,2.3,39364,31102,47616,56233,234800,1201,145841,343573
0500000US12117,Seminole County, Florida,40173,38.2,3.7,33419,35685,52552,50759,224000,1198,67463,279063
0500000US12109,St. Johns County, Florida,26935,43.7,2.9,41393,38553,64842,27430,287700,1261,45239,195806
0500000US12111,St. Lucie County, Florida,15657,20.3,3.5,25736,27842,40291,36633,165700,1136,71109,177179
0500000US12119,Sumter County, Florida,14359,31.1,1.1,33629,23138,38671,19219,246500,861,67271,102747
0500000US12121,Suwannee County, Florida,1481,14.7,3.7,21755,25689,36708,3883,95200,721,8836,33222
0500000US12123,Taylor County, Florida,314,7.4,2.4,16919,25926,39496,1697,82900,686,4222,15917
0500000US12125,Union County, Florida,257,8.3,2.8,15475,24574,36137,1014,104400,641,2211,10628
0500000US12127,Volusia County, Florida,31065,23.6,2.9,27272,28820,40975,64867,164200,1000,125506,381288
0500000US12129,Wakulla County, Florida,1412,18.4,2.8,24322,34956,47547,3230,144700,855,4432,25350
0500000US12131,Walton County, Florida,4446,28.4,3,33731,29674,41394,8258,222700,950,12784,55560
0500000US12133,Washington County, Florida,630,11.7,4,18112,26007,37530,2067,109800,689,4263,19034
0500000US19001,Adair County, Iowa,196,15.4,2.2,29984,33511,45647,725,100100,588,1566,6867
0500000US19003,Adams County, Iowa,107,17.7,1.7,27824,30932,45203,422,86100,531,842,3643
0500000US19005,Allamakee County, Iowa,463,18.5,1.6,27741,30996,46938,1439,124900,598,3020,12602
0500000US19007,Appanoose County, Iowa,445,17.1,3.1,27546,29013,42783,1296,78000,599,2836,11938
0500000US19009,Audubon County, Iowa,171,14.6,1.6,28957,30575,47000,582,71100,567,1374,5461
0500000US19011,Benton County, Iowa,1075,22.6,1.9,32764,36877,53125,2395,157800,611,4534,24730
0500000US19013,Black Hawk County, Iowa,8008,28.6,3,29100,28917,46523,15329,143100,769,20627,108350
0500000US19015,Boone County, Iowa,1270,24.8,2.6,31686,35484,50125,2770,131900,732,4563,24924
0500000US19017,Bremer County, Iowa,1646,30.3,2.1,32512,34421,55791,2284,162100,647,4760,23602
0500000US19019,Buchanan County, Iowa,788,20.6,2,31495,32895,50697,2055,138000,689,3664,20334
0500000US19021,Buena Vista County, Iowa,755,19.6,3.8,26607,29842,40021,1986,112700,685,2914,12226
0500000US19023,Butler County, Iowa,499,17.5,2.1,29654,34335,50048,1290,115800,614,3251,14243
0500000US19025,Calhoun County, Iowa,462,19.5,1.2,27908,28236,46408,1008,80000,565,2223,9241
0500000US19027,Carroll County, Iowa,778,22.2,1.4,30658,35423,50351,2216,132700,598,3954,20043
0500000US19029,Cass County, Iowa,539,19.6,1.5,27853,30502,45010,1404,97800,646,2910,12615
0500000US19031,Cedar County, Iowa,697,23,1.9,32010,38740,51758,1726,150700,711,3470,17643
0500000US19033,Cerro Gordo County, Iowa,2012,22.7,2.6,31304,32286,51589,5017,124400,693,8845,39094
0500000US19035,Cherokee County, Iowa,522,21.4,1.5,32667,32042,47664,1450,95200,551,2651,10741
0500000US19037,Chickasaw County, Iowa,335,16.9,1.3,29752,34616,45553,1130,112000,565,2401,11609
0500000US19039,Clarke County, Iowa,263,16.9,2.1,26706,31775,41772,863,104700,751,1631,7972
0500000US19041,Clay County, Iowa,612,22.6,2.4,27811,31451,46506,1818,120600,666,3290,15249
0500000US19043,Clayton County, Iowa,496,17.2,1.4,28486,31054,46822,1609,121000,658,3961,16965
0500000US19045,Clinton County, Iowa,1953,19.1,2.8,27942,31979,52707,4924,114900,664,9002,43145
0500000US19047,Crawford County, Iowa,383,12.8,4.5,28700,31759,43948,1892,90700,625,2893,11401
0500000US19049,Dallas County, Iowa,8185,49.4,1.8,43583,50228,70302,11179,231000,1012,9664,72040
0500000US19051,Davis County, Iowa,315,20.5,1.8,26503,32286,46064,840,114000,639,1554,8609
0500000US19053,Decatur County, Iowa,456,23.5,2.7,22037,22485,42786,936,76800,543,1536,7476
0500000US19055,Delaware County, Iowa,561,16.6,1.6,31300,32601,50420,1571,134200,600,3247,16698
0500000US19057,Des Moines County, Iowa,1739,20.5,3.4,28234,30514,47373,4118,103600,770,7805,34741
0500000US19059,Dickinson County, Iowa,1096,31.3,1.9,38031,31407,50067,2355,179300,771,4254,16354
0500000US19061,Dubuque County, Iowa,6946,30.5,2.8,31096,31928,51979,11196,160900,763,16344,88171
0500000US19063,Emmet County, Iowa,349,20.2,2.1,30386,29083,48505,983,86400,701,1921,8363
0500000US19065,Fayette County, Iowa,838,19.8,2.2,28069,28897,43721,2085,94800,615,4197,18717
0500000US19067,Floyd County, Iowa,480,19.9,1.6,27897,29077,45748,1637,104700,555,3358,14593
0500000US19069,Franklin County, Iowa,313,17.7,2.4,27480,32847,45750,1125,88500,649,2113,8747
0500000US19071,Fremont County, Iowa,302,19.3,2.3,29625,35195,43315,721,102700,636,1533,6619
0500000US19073,Greene County, Iowa,370,20.1,3.5,28413,30748,49545,810,94300,607,1939,8542
0500000US19075,Grundy County, Iowa,571,28,1.4,35443,38961,53821,1235,131200,631,2496,11976
0500000US19077,Guthrie County, Iowa,393,19.8,2.2,28953,32093,49345,1004,115900,662,2333,10162
0500000US19079,Hamilton County, Iowa,658,24.3,2,28706,34869,50113,1663,101600,673,2982,13495
0500000US19081,Hancock County, Iowa,416,23.1,1.3,29537,33701,47460,1350,102900,608,2341,10179
0500000US19083,Hardin County, Iowa,778,19.8,1.1,28539,31973,48586,1931,92900,595,3615,15764
0500000US19085,Harrison County, Iowa,499,18.8,1,30209,36226,49773,1567,115200,680,2708,13628
0500000US19087,Henry County, Iowa,680,20.1,3.2,26760,29696,43612,1872,108700,681,3613,17585
0500000US19089,Howard County, Iowa,326,14.9,1.7,28828,32113,42854,870,107600,589,1882,8953
0500000US19091,Humboldt County, Iowa,304,20.8,2.4,29882,32837,50827,1154,102300,569,1960,8961
0500000US19093,Ida County, Iowa,171,19,2.7,32562,33103,44754,679,96200,469,1512,6621
0500000US19095,Iowa County, Iowa,627,19.1,1.8,32663,35543,48831,1711,146400,552,2935,15450
0500000US19097,Jackson County, Iowa,864,18.8,2.8,29207,34601,47336,1981,123500,621,3926,18537
0500000US19099,Jasper County, Iowa,1154,17.9,3,27551,31822,47596,3826,128000,723,6918,34614
0500000US19101,Jefferson County, Iowa,1866,31.6,3.9,26064,25340,44111,1800,109400,666,3654,14591
0500000US19103,Johnson County, Iowa,21547,53,2.4,34310,30137,53811,19497,216900,968,15870,115842
0500000US19105,Jones County, Iowa,853,18.4,2.4,28879,33024,46968,2019,133000,659,4027,19304
0500000US19107,Keokuk County, Iowa,370,18.2,3.2,28630,32434,45095,880,88800,651,2158,9855
0500000US19109,Kossuth County, Iowa,353,18.3,2,29963,33349,45564,1487,103600,653,3424,14339
0500000US19111,Lee County, Iowa,1075,15.7,4.4,25968,29540,46177,3553,93300,637,6754,31395
0500000US19113,Linn County, Iowa,14441,33,2.4,34289,36612,55860,26641,153700,743,33702,191906
0500000US19115,Louisa County, Iowa,340,14.2,3.3,27041,31174,44962,977,108500,620,1957,8771
0500000US19117,Lucas County, Iowa,191,17,3,28900,32418,48788,840,87600,663,1811,8408
0500000US19119,Lyon County, Iowa,412,21.4,1.4,29246,34472,49901,1209,132400,666,2071,11277
0500000US19121,Madison County, Iowa,587,23.9,2.8,33069,37458,52942,1505,166500,813,2608,15174
0500000US19123,Mahaska County, Iowa,1017,22.3,3.4,27061,31022,47908,2299,114000,626,3945,20757
0500000US19125,Marion County, Iowa,1832,26.4,2,28832,32404,51176,3693,152400,699,5736,31445
0500000US19127,Marshall County, Iowa,1446,19,3.3,26516,31725,46662,4354,105500,680,6979,28874
0500000US19129,Mills County, Iowa,696,23.7,2.5,32867,37070,55171,1388,165200,748,2590,14105
0500000US19131,Mitchell County, Iowa,349,17.7,2,28898,32102,46272,807,114400,565,2290,10280
0500000US19133,Monona County, Iowa,307,16.7,1.9,27862,29722,47500,992,86700,585,2141,8346
0500000US19135,Monroe County, Iowa,116,16.6,3.8,26469,35963,44489,860,92500,654,1503,7352
0500000US19137,Montgomery County, Iowa,309,17.5,4.3,28780,28839,43396,1118,83400,638,2098,9533
0500000US19139,Muscatine County, Iowa,1925,22,1.6,28137,33978,48239,4871,127100,810,6798,33158
0500000US19141,O'Brien County, Iowa,478,19.9,1.5,29901,31687,50891,1471,111400,586,2860,12907
0500000US19143,Osceola County, Iowa,208,18.1,1.7,28843,32383,47607,578,91900,625,1256,5477
0500000US19145,Page County, Iowa,595,21.3,2.5,26767,30514,46217,1477,91400,629,3269,14020
0500000US19147,Palo Alto County, Iowa,416,25,0.7,28843,31119,44874,1008,100000,605,1937,8494
0500000US19149,Plymouth County, Iowa,847,21,1.6,32028,37325,52071,2204,155900,669,4502,23090
0500000US19151,Pocahontas County, Iowa,166,14.7,2,27984,31672,46200,744,75400,567,1558,6429
0500000US19153,Polk County, Iowa,35590,36.1,3.1,34474,36990,54238,56878,171800,879,58939,370282
0500000US19155,Pottawattamie County, Iowa,4075,21.2,2.9,29729,34380,48222,10018,136900,826,15466,82251
0500000US19157,Poweshiek County, Iowa,1304,25.1,3.1,30711,28099,50116,1877,140200,717,3661,17040
0500000US19159,Ringgold County, Iowa,212,20.6,2.5,29759,31454,41959,546,89100,625,1201,4767
0500000US19161,Sac County, Iowa,387,20.6,2,30750,32278,48656,1006,90500,597,2254,9399
0500000US19163,Scott County, Iowa,13832,31.9,2.7,31873,34370,54127,19995,158200,779,26412,138243
0500000US19165,Shelby County, Iowa,439,20.8,2.1,31283,32263,46452,1061,117000,673,2604,11089
0500000US19167,Sioux County, Iowa,1731,28.1,1.9,28467,30804,51291,3279,159400,686,5184,30340
0500000US19169,Story County, Iowa,11575,51.1,2.8,28034,20785,54351,12091,180400,885,10972,81476
0500000US19171,Tama County, Iowa,505,16.1,2.5,27255,31856,46316,1312,107800,694,3284,13960
0500000US19173,Taylor County, Iowa,183,14.9,2.3,27672,30960,43281,691,79500,584,1357,5596
0500000US19175,Union County, Iowa,447,17.2,3.3,26216,28989,45409,1394,99800,626,2450,11730
0500000US19177,Van Buren County, Iowa,220,14.1,2.7,27468,28575,41346,725,90900,549,1530,6976
0500000US19179,Wapello County, Iowa,1567,18,4,24864,29000,42240,3977,82000,686,6051,29257
0500000US19181,Warren County, Iowa,2850,31.7,2.3,34570,40762,56956,5302,176600,781,7503,46635
0500000US19183,Washington County, Iowa,945,21.5,2.8,29857,33352,48909,2451,148700,789,4126,20198
0500000US19185,Wayne County, Iowa,176,13,1.3,25560,30351,41987,689,77600,496,1386,6171
0500000US19187,Webster County, Iowa,1294,19.6,2.7,25243,26795,46772,4235,96600,627,6445,32224
0500000US19189,Winnebago County, Iowa,422,22.4,3,27117,31530,42786,1041,94100,578,2140,9708
0500000US19191,Winneshiek County, Iowa,1627,29.7,1.4,30706,27425,45474,1701,167800,655,3957,19415
0500000US19193,Woodbury County, Iowa,4595,23,3.3,27430,31144,47012,11282,117700,753,14776,75673
0500000US19195,Worth County, Iowa,226,15.5,3.2,29482,32630,49505,772,104300,591,1481,7070
0500000US19197,Wright County, Iowa,387,17.7,3.3,28317,32777,43483,1467,85300,623,2767,11026
0500000US26001,Alcona County, Michigan,467,15.7,3.6,25219,25104,37418,942,99800,661,3681,9924
0500000US26003,Alger County, Michigan,407,17.4,2.7,21773,23841,40368,620,123500,649,2233,7706
0500000US26005,Allegan County, Michigan,6082,22.7,2,28073,33997,50326,11019,157400,794,17957,102072
0500000US26007,Alpena County, Michigan,1334,17.5,3.3,25115,26370,42962,2597,95600,573,6395,27435
0500000US26009,Antrim County, Michigan,1889,28.2,2.8,30920,26473,43519,2459,157600,749,6041,21985
0500000US26011,Arenac County, Michigan,462,11.8,4.8,23374,25716,40549,1398,90000,592,3578,14377
0500000US26013,Baraga County, Michigan,332,14.5,2.6,20698,26389,43235,575,102700,550,1770,6198
0500000US26015,Barry County, Michigan,2677,20.1,3.2,28783,34742,50359,5955,154100,838,10654,56645
0500000US26017,Bay County, Michigan,4573,18.9,4.1,26644,29227,48841,10241,100500,655,20057,94510
0500000US26019,Benzie County, Michigan,1523,29.3,3.1,27866,28006,40865,1408,172000,755,4378,16466
0500000US26021,Berrien County, Michigan,11905,27.7,3.9,29311,29843,49693,16491,146300,724,29119,115938
0500000US26023,Branch County, Michigan,1324,14.2,2.6,24249,29931,41132,4153,104100,714,7709,39488
0500000US26025,Calhoun County, Michigan,6415,21.2,4.1,25652,29702,46845,14977,105300,738,22793,104722
0500000US26027,Cass County, Michigan,2315,19.1,4,29923,31376,47269,4583,134700,729,10202,44351
0500000US26029,Charlevoix County, Michigan,2453,31,2.6,32559,27674,47589,2649,162900,713,6020,24603
0500000US26031,Cheboygan County, Michigan,1466,20.5,4.3,25876,25456,41172,2317,125100,658,6636,23470
0500000US26033,Chippewa County, Michigan,1690,21,4.9,23310,22479,41126,3865,112300,667,6445,26418
0500000US26035,Clare County, Michigan,1035,12.1,4.9,21717,22551,41049,2975,88400,652,7041,29067
0500000US26037,Clinton County, Michigan,6024,31.4,2.5,33568,36517,56673,6991,167900,816,12490,70149
0500000US26039,Crawford County, Michigan,705,18.8,4,24884,25767,41546,1533,101400,748,3403,13109
0500000US26041,Delta County, Michigan,1803,21.5,3,26852,28242,50119,3750,110500,561,8209,33675
0500000US26043,Dickinson County, Michigan,1656,26.5,2.4,28020,31155,53176,2765,99600,665,5480,24349
0500000US26045,Eaton County, Michigan,7251,26.8,3.3,31982,33122,51403,11492,147300,842,19038,90678
0500000US26047,Emmet County, Michigan,3026,33.7,3.2,32455,27949,45179,3523,178300,805,6901,30148
0500000US26049,Genesee County, Michigan,21279,20.9,5.7,26386,28509,50183,48770,104800,755,67774,296767
0500000US26051,Gladwin County, Michigan,1061,13.8,3.1,24594,26881,45889,2748,104700,610,6544,24275
0500000US26053,Gogebic County, Michigan,702,19.8,2.7,24325,22500,42489,1546,69900,494,3788,13814
0500000US26055,Grand Traverse County, Michigan,8765,35.1,3.1,33754,30294,48130,10163,194200,938,16856,84929
0500000US26057,Gratiot County, Michigan,1522,14,3.4,22027,27053,45107,4117,94300,667,6853,35430
0500000US26059,Hillsdale County, Michigan,1941,17,2.8,24749,30313,47173,4352,112000,699,8509,43493
0500000US26061,Houghton County, Michigan,3046,33.2,3.6,22866,20379,47793,3276,106900,662,6033,33425
0500000US26063,Huron County, Michigan,1175,15.5,3,27130,28861,41708,2734,97300,607,7668,30066
0500000US26065,Ingham County, Michigan,30656,38.5,4.5,28366,24527,49267,33783,129000,857,36861,202487
0500000US26067,Ionia County, Michigan,1984,16.1,3.1,23956,31208,44734,5289,122600,764,8950,56714
0500000US26069,Iosco County, Michigan,1182,16.3,3.8,25075,24635,41255,2813,91100,639,7242,23740
0500000US26071,Iron County, Michigan,602,18.8,2.9,24876,26156,39261,1075,77800,516,3303,10614
0500000US26073,Isabella County, Michigan,4966,29.2,4.6,23164,15866,42048,7013,131500,731,8289,60470
0500000US26075,Jackson County, Michigan,7291,21.4,3.9,26942,30352,48396,16022,124100,763,26583,134691
0500000US26077,Kalamazoo County, Michigan,25118,38.1,4,30555,27947,51291,31803,153800,794,37117,203197
0500000US26079,Kalkaska County, Michigan,531,11.9,4.1,23687,26226,42136,1752,108200,704,3394,16468
0500000US26081,Kent County, Michigan,50631,35.2,3.3,31005,31517,50963,73568,163500,871,82873,475966
0500000US26083,Keweenaw County, Michigan,210,30.4,2.9,31830,26534,44712,271,113500,503,712,2070
0500000US26085,Lake County, Michigan,368,11.3,4.9,19012,20294,40503,939,84400,608,3206,9963
0500000US26087,Lapeer County, Michigan,3606,17.8,3.7,28309,31113,53806,7835,159000,788,15019,81027
0500000US26089,Leelanau County, Michigan,2922,42.8,3,38074,29617,49764,1737,256300,865,6261,19483
0500000US26091,Lenawee County, Michigan,4840,20.9,3,26958,30139,47405,9478,133300,763,17507,85486
0500000US26093,Livingston County, Michigan,15543,34.8,2.8,38399,41116,68195,18449,233400,1011,29976,177990
0500000US26095,Luce County, Michigan,225,16.3,2.3,20745,21748,42917,486,83800,710,1322,4967
0500000US26097,Mackinac County, Michigan,752,21.8,5.4,28941,24971,45895,1298,135000,594,2877,7942
0500000US26099,Macomb County, Michigan,51990,24.5,3.6,31104,34866,55575,97334,157700,943,141001,691478
0500000US26101,Manistee County, Michigan,1325,20,3.5,25778,25339,42595,2257,120900,699,5969,21801
0500000US26103,Marquette County, Michigan,4387,31.5,3.5,26290,24535,51304,6974,149900,705,11904,61724
0500000US26105,Mason County, Michigan,1881,23.2,3.4,28812,27193,44259,2813,137700,716,6464,26416
0500000US26107,Mecosta County, Michigan,2398,21.9,3.8,23182,20851,40789,3801,117700,660,7659,39545
0500000US26109,Menominee County, Michigan,908,16.7,2.6,27609,29323,49390,2191,95800,561,5319,21637
0500000US26111,Midland County, Michigan,8012,34,3.6,34497,32600,58631,8549,137600,746,14640,76388
0500000US26113,Missaukee County, Michigan,416,13.2,3.5,22850,27051,41463,1387,111400,765,2986,14115
0500000US26115,Monroe County, Michigan,6901,19.1,3,30295,35836,58882,13939,155700,813,25283,136797
0500000US26117,Montcalm County, Michigan,1797,13,2.9,23018,28429,43511,6008,107400,697,10519,58050
0500000US26119,Montmorency County, Michigan,347,12.8,4.7,23930,25032,41186,871,100000,621,2842,8895
0500000US26121,Muskegon County, Michigan,7037,19.1,4.3,24101,28642,45580,17246,111000,747,27643,132234
0500000US26123,Newaygo County, Michigan,1807,15.9,3.3,24005,28849,45993,4438,111200,707,8861,43613
0500000US26125,Oakland County, Michigan,176991,46.4,3.2,42760,42326,73384,144532,228800,1043,198882,904717
0500000US26127,Oceana County, Michigan,1184,18.8,4.1,23018,25639,42342,2354,112200,700,5291,21626
0500000US26129,Ogemaw County, Michigan,694,12.1,3.8,22527,24684,41235,2165,93400,672,5208,19830
0500000US26131,Ontonagon County, Michigan,263,17.5,3,23850,24872,41090,517,68300,512,2046,5670
0500000US26133,Osceola County, Michigan,762,13.8,3.6,22142,26965,40702,2061,93500,622,4699,22003
0500000US26135,Oscoda County, Michigan,229,10.7,5.7,23526,23243,45000,916,86800,715,2222,7919
0500000US26137,Otsego County, Michigan,1410,24.2,3.3,26829,27500,49470,2583,135500,773,4925,23042
0500000US26139,Ottawa County, Michigan,19511,33.5,2.7,30558,30775,54306,28413,179300,865,40123,238601
0500000US26141,Presque Isle County, Michigan,678,17.3,4.1,26503,25864,42819,1133,102300,558,3831,12245
0500000US26143,Roscommon County, Michigan,1172,14.9,4.7,23862,22588,43732,2531,102700,674,7438,22706
0500000US26145,Saginaw County, Michigan,9757,21.1,4.3,26625,27264,48890,19535,97700,760,35070,133979
0500000US26151,Sanilac County, Michigan,1501,14.2,4,24835,27189,43658,4395,106400,655,8463,38927
0500000US26153,Schoolcraft County, Michigan,292,15.8,4.7,22931,23041,45500,745,109300,626,2074,6925
0500000US26155,Shiawassee County, Michigan,2789,17.2,3,27398,31477,49326,7043,115300,726,11891,64514
0500000US26147,St. Clair County, Michigan,7514,18.3,4.1,29356,31032,54531,17002,146500,814,28275,145498
0500000US26149,St. Joseph County, Michigan,2359,15.7,3.2,25136,30067,42779,6332,115100,703,10317,52765
0500000US26157,Tuscola County, Michigan,1716,13.6,3.6,24968,27303,45816,4717,101300,686,10281,49787
0500000US26159,Van Buren County, Michigan,3616,20.9,3.8,26771,29690,46220,7125,131400,695,12833,61212
0500000US26161,Washtenaw County, Michigan,65948,55.2,3.1,39486,31347,64363,42249,246000,1083,47278,257202
0500000US26163,Wayne County, Michigan,108818,23.3,6,25976,30352,50339,205034,102700,850,258954,873218
0500000US26165,Wexford County, Michigan,1233,17.9,3.5,22760,26396,40212,3542,100200,709,6006,31335
0500000US27001,Aitkin County, Minnesota,648,17.4,2.9,27646,27839,45462,1806,174400,663,5060,14878
0500000US27003,Anoka County, Minnesota,20638,29.7,2.7,35806,41467,59762,32730,218800,1089,45250,284994
0500000US27005,Becker County, Minnesota,1751,24.5,2.3,29710,32116,47847,3670,187600,702,6689,29190
0500000US27007,Beltrami County, Minnesota,3029,28.1,5,24781,26382,42373,4636,157000,737,6988,33283
0500000US27009,Benton County, Minnesota,1539,22.6,2.8,28566,35075,49180,4790,166700,738,5365,36061
0500000US27011,Big Stone County, Minnesota,154,15,1.4,30489,33094,46675,535,97900,557,1281,4892
0500000US27013,Blue Earth County, Minnesota,4430,33.6,2.9,28824,26915,49370,7284,177800,869,8703,58588
0500000US27015,Brown County, Minnesota,877,20.4,1.3,30373,31783,47901,2937,135800,588,5151,23600
0500000US27017,Carlton County, Minnesota,1505,22.5,2.6,28117,33700,52892,3395,166200,749,5938,31337
0500000US27019,Carver County, Minnesota,9806,48.1,1.6,45637,48346,76347,10256,301900,1082,10962,89618
0500000US27021,Cass County, Minnesota,1424,22.4,3,29053,28727,47002,3072,182700,713,7202,24096
0500000US27023,Chippewa County, Minnesota,385,19.1,1.8,30168,32601,43750,1137,114600,589,2463,10548
0500000US27025,Chisago County, Minnesota,2122,20.5,2.8,33927,40892,61388,5161,219400,876,7883,51232
0500000US27027,Clay County, Minnesota,3528,33.5,1.9,29631,34067,54510,7154,183300,818,8077,55131
0500000US27029,Clearwater County, Minnesota,232,16.1,4.7,26173,29480,46912,879,123800,674,1768,7474
0500000US27031,Cook County, Minnesota,639,42.4,1.6,32703,30086,48415,606,252900,666,1413,4557
0500000US27033,Cottonwood County, Minnesota,389,21.2,2.6,27209,30568,49836,1369,90800,644,2556,9841
0500000US27035,Crow Wing County, Minnesota,3837,24.3,1.7,30900,31277,47639,7346,194400,780,13698,60683
0500000US27037,Dakota County, Minnesota,35906,41.8,2.7,40441,43110,64361,43558,252000,1119,54846,330586
0500000US27039,Dodge County, Minnesota,940,24.4,1.9,32795,38606,52912,1875,174400,657,2888,18990
0500000US27041,Douglas County, Minnesota,1907,25.4,2,34547,33951,51791,4551,209800,744,8186,35738
0500000US27043,Faribault County, Minnesota,398,17.8,2.1,29748,31312,45173,1500,88500,575,3138,12676
0500000US27045,Fillmore County, Minnesota,890,21.1,1.8,29440,34707,48901,1982,152900,632,4242,20163
0500000US27047,Freeborn County, Minnesota,980,16.7,2.8,28459,31209,43727,3250,111400,668,6643,26177
0500000US27049,Goodhue County, Minnesota,2565,25,2.5,33400,36671,53983,4636,196100,841,8574,42596
0500000US27051,Grant County, Minnesota,212,19.4,2.6,31940,32003,47197,579,105700,630,1373,5658
0500000US27053,Hennepin County, Minnesota,154344,49.2,3,43976,41522,62221,149568,260300,1085,164160,854494
0500000US27055,Houston County, Minnesota,921,24,1.3,31453,35598,50636,1828,167600,704,3771,17952
0500000US27057,Hubbard County, Minnesota,1314,27.2,2.1,29312,29535,47808,2087,189500,672,5112,19405
0500000US27059,Isanti County, Minnesota,1380,17.7,3.1,32008,37900,54757,3546,186000,981,5865,36643
0500000US27061,Itasca County, Minnesota,2202,22.7,3,28636,30141,52467,5075,159000,683,9926,41533
0500000US27063,Jackson County, Minnesota,333,22,2.1,33358,33620,48028,1067,120000,659,2094,9311
0500000US27065,Kanabec County, Minnesota,572,14.6,2.9,27331,31220,47816,1570,152600,783,3160,15211
0500000US27067,Kandiyohi County, Minnesota,2088,23.4,2,30217,30853,47534,4384,168400,744,7623,34537
0500000US27069,Kittson County, Minnesota,193,23.9,1.7,29946,35050,47135,409,74100,603,1016,4147
0500000US27071,Koochiching County, Minnesota,568,17.6,4,29051,28220,52887,1215,106300,615,2946,11795
0500000US27073,Lac qui Parle County, Minnesota,254,19.1,1.4,31686,30457,46765,734,85600,547,1772,6451
0500000US27075,Lake County, Minnesota,787,29.8,2.5,33602,39497,56172,1246,170400,653,2648,10087
0500000US27077,Lake of the Woods County, Minnesota,103,19.3,2.1,26526,29351,43824,352,152400,619,862,3544
0500000US27079,Le Sueur County, Minnesota,1078,22.4,2.5,32120,36045,51433,2334,197600,740,4712,25596
0500000US27081,Lincoln County, Minnesota,167,18.4,1.6,28504,31591,44573,490,94300,588,1403,5503
0500000US27083,Lyon County, Minnesota,1102,25.4,2.4,30531,30533,45017,2645,141100,657,3867,21801
0500000US27087,Mahnomen County, Minnesota,130,12.2,4.6,20953,27141,39667,478,94900,574,954,2520
0500000US27089,Marshall County, Minnesota,311,19,1.8,29670,33460,46157,849,111500,603,1933,8777
0500000US27091,Martin County, Minnesota,716,20.1,2.3,31091,33188,49637,1888,114900,640,4481,18623
0500000US27085,McLeod County, Minnesota,1249,17.9,1.8,31723,34036,51759,3929,157900,789,6401,32662
0500000US27093,Meeker County, Minnesota,762,18.8,1.7,31819,33568,50712,2080,165500,743,4364,21738
0500000US27095,Mille Lacs County, Minnesota,828,15.3,3.8,26679,31570,47773,2722,157200,735,4567,22928
0500000US27097,Morrison County, Minnesota,1085,17.1,2.8,28792,31743,46849,3121,165200,695,6081,31565
0500000US27099,Mower County, Minnesota,1856,21.7,2.9,29116,32641,44759,3936,120500,709,7256,31543
0500000US27101,Murray County, Minnesota,330,18.9,1.7,31768,32277,47807,789,113300,628,2088,7800
0500000US27103,Nicollet County, Minnesota,2391,32.6,2.6,31225,31848,50234,3559,182100,836,5090,30081
0500000US27105,Nobles County, Minnesota,582,15.3,3.4,25554,30460,40227,2168,120900,681,3408,13108
0500000US27107,Norman County, Minnesota,188,18.4,2,28351,32094,47500,584,93400,603,1393,5876
0500000US27109,Olmsted County, Minnesota,19827,44,2.6,39667,41274,59613,16913,199500,935,22399,123299
0500000US27111,Otter Tail County, Minnesota,3051,25.1,2.1,30846,32315,47493,6248,179500,669,13247,53798
0500000US27113,Pennington County, Minnesota,433,20.1,2.1,30625,35224,45850,1664,142100,690,2479,12898
0500000US27115,Pine County, Minnesota,917,14.5,2.9,25302,27598,44399,2706,157400,750,5659,26052
0500000US27117,Pipestone County, Minnesota,250,21.4,1.8,29716,30468,48046,1032,97700,546,1876,8136
0500000US27119,Polk County, Minnesota,1601,24.1,2.3,28856,32243,50081,3373,158200,707,5635,27591
0500000US27121,Pope County, Minnesota,530,21.9,1.8,32943,33101,48998,1253,165000,607,2565,10565
0500000US27123,Ramsey County, Minnesota,60676,41.9,3.4,34049,34626,52941,64429,219400,969,74248,337973
0500000US27125,Red Lake County, Minnesota,107,16.9,2.2,29731,35407,51066,399,113600,570,777,3695
0500000US27127,Redwood County, Minnesota,435,18.6,1.6,28011,30882,45260,1454,100800,626,3214,13382
0500000US27129,Renville County, Minnesota,344,14.4,1.9,31585,35383,48517,1251,102700,638,2980,12996
0500000US27131,Rice County, Minnesota,4135,27.5,2.5,29767,30770,51725,6417,196500,837,9708,54495
0500000US27133,Rock County, Minnesota,422,23,1.3,30544,35259,49248,920,137100,628,1849,8830
0500000US27135,Roseau County, Minnesota,429,19.3,1.8,28049,33920,44900,1365,125700,709,2509,14248
0500000US27139,Scott County, Minnesota,10243,39.3,2.5,39952,45638,69284,13562,285200,1139,14306,117245
0500000US27141,Sherburne County, Minnesota,4676,27.4,2.3,34013,40545,60518,7889,217200,960,9830,85362
0500000US27143,Sibley County, Minnesota,427,16.7,2,30977,35326,47383,1134,151000,671,2652,13210
0500000US27137,St. Louis County, Minnesota,13237,28.7,3,30321,30146,53159,21047,152000,764,36531,182551
0500000US27145,Stearns County, Minnesota,8649,27.8,3.3,29815,30712,48865,15203,176000,808,22187,136301
0500000US27147,Steele County, Minnesota,1891,25,2.8,30822,37380,50351,3492,158500,742,6049,31838
0500000US27149,Stevens County, Minnesota,546,29.3,1.5,31694,27186,51997,913,154100,714,1669,8629
0500000US27151,Swift County, Minnesota,270,18,1.9,30208,31424,46393,893,103100,640,2025,8641
0500000US27153,Todd County, Minnesota,653,15.5,1.8,25848,31528,45957,2016,149300,644,5051,22352
0500000US27155,Traverse County, Minnesota,114,17,1.8,30553,31761,43750,363,82000,684,833,2999
0500000US27157,Wabasha County, Minnesota,1080,21.9,2.2,33664,36952,50661,2179,173100,693,4450,20374
0500000US27159,Wadena County, Minnesota,342,13.6,3,24864,27882,45556,1533,123700,692,2865,12887
0500000US27161,Waseca County, Minnesota,810,20.5,2.3,28067,32216,46907,1847,150700,660,3187,16795
0500000US27163,Washington County, Minnesota,26210,43.2,2.2,43789,45765,68807,24988,277400,1267,34983,210848
0500000US27165,Watonwan County, Minnesota,241,15.3,1.8,27772,31726,44863,1109,94300,668,2115,7984
0500000US27167,Wilkin County, Minnesota,216,23.5,0.9,32066,35557,47594,850,125600,519,1204,5944
0500000US27169,Winona County, Minnesota,3156,29.8,2.6,28689,26378,46350,5081,161100,673,8139,46422
0500000US27171,Wright County, Minnesota,6664,28.4,2.4,34325,41345,60889,12141,225600,935,15650,123050
0500000US27173,Yellow Medicine County, Minnesota,272,16.1,1.9,29379,30582,49229,974,101800,561,1951,8863
0500000US32510,Carson City, Nevada,3141,22.3,3.7,29767,31433,42542,7849,242200,895,10667,36753
0500000US32001,Churchill County, Nevada,872,17.5,3.8,26606,31243,49181,2507,174100,799,4446,17684
0500000US32003,Clark County, Nevada,117160,23.9,4.6,29256,32147,45137,296414,238300,1088,301845,931411
0500000US32005,Douglas County, Nevada,4007,28.9,2.8,36390,32675,51016,6025,346500,1077,12611,38725
0500000US32007,Elko County, Nevada,2286,18.2,3.2,33091,41035,67164,4873,200800,933,5477,34958
0500000US32009,Esmeralda County, Nevada,36,16.5,0.9,24713,33563,40625,121,74000,565,269,776
0500000US32011,Eureka County, Nevada,9,11.7,0,34590,53838,70972,181,84400,-,283,1613
0500000US32013,Humboldt County, Nevada,709,16.3,3.7,30516,37849,63560,1699,173300,816,2083,10973
0500000US32015,Lander County, Nevada,245,11.6,6.2,33329,51783,74441,699,185300,607,822,3907
0500000US32017,Lincoln County, Nevada,262,17.7,4.8,25304,31200,52554,299,134700,612,1225,4461
0500000US32019,Lyon County, Nevada,1618,14,4.8,26855,32580,47329,6988,183900,976,10937,40178
0500000US32021,Mineral County, Nevada,128,14.4,8,22897,28902,46141,518,85900,554,1099,2611
0500000US32023,Nye County, Nevada,1042,11.5,4.1,25092,30190,49049,6455,139100,806,12644,33580
0500000US32027,Pershing County, Nevada,359,14.8,2.7,19330,32850,51250,311,100800,644,1061,4340
0500000US32029,Storey County, Nevada,260,28.7,2.2,35887,35240,59766,467,222900,729,1176,3330
0500000US32031,Washoe County, Nevada,35398,30.5,3.7,33546,32416,49557,62410,299400,1000,69819,285766
0500000US32033,White Pine County, Nevada,306,14.9,1.8,26412,37297,55855,829,151900,681,1587,7027
0500000US33001,Belknap County, New Hampshire,5669,32.4,3,35382,35189,51992,5977,222300,942,12642,57698
0500000US33003,Carroll County, New Hampshire,4647,33.6,2.2,36033,31317,52090,5214,236500,937,12516,45899
0500000US33005,Cheshire County, New Hampshire,6939,32.6,2.5,34136,30923,51957,7164,190600,946,14195,71856
0500000US33007,Coos County, New Hampshire,1427,18.1,3.2,26535,27226,43524,3483,124900,720,7204,29514
0500000US33009,Grafton County, New Hampshire,12664,40.5,2.1,36619,31028,50932,9598,220400,922,17342,81665
0500000US33011,Hillsborough County, New Hampshire,38893,37.3,3,39478,40819,63345,42747,265000,1154,60825,348822
0500000US33013,Merrimack County, New Hampshire,15899,35.6,2.6,36148,37928,55166,15981,232100,1024,25707,138383
0500000US33015,Rockingham County, New Hampshire,33666,40.7,2.7,45242,44426,69924,30312,310200,1191,50759,283087
0500000US33017,Strafford County, New Hampshire,11223,35.6,2.8,34161,33069,54397,13753,226600,1047,18162,116576
0500000US33019,Sullivan County, New Hampshire,3121,26.8,2.3,31668,36363,50793,4521,174000,935,8632,41047
0500000US37001,Alamance County, North Carolina,7783,24,3.5,26215,29894,43520,17928,147800,798,26307,103713
0500000US37003,Alexander County, North Carolina,1235,14.7,3.8,24452,28519,41467,2627,130600,641,7089,32245
0500000US37005,Alleghany County, North Carolina,513,16.7,3,21244,21724,33339,1036,126000,645,2802,9548
0500000US37007,Anson County, North Carolina,435,9.6,5.4,20124,28171,39648,2087,89300,705,4343,11288
0500000US37009,Ashe County, North Carolina,1275,19,2.7,24039,25735,37093,2473,152500,596,6427,24800
0500000US37011,Avery County, North Carolina,1096,20.6,2,20253,21173,34819,1521,150600,765,3700,15298
0500000US37013,Beaufort County, North Carolina,2392,19.4,4.8,26233,29373,43209,4747,128300,713,10808,31094
0500000US37015,Bertie County, North Carolina,759,13.4,6,20430,24210,34849,1276,80900,668,4125,6735
0500000US37017,Bladen County, North Carolina,1057,15.1,3.6,20803,27272,36418,3269,90000,653,6752,18466
0500000US37019,Brunswick County, North Carolina,10298,28.6,3.2,31204,26745,45532,16435,199900,903,37182,103713
0500000US37021,Buncombe County, North Carolina,27931,39.2,2.5,31439,30567,42789,31837,222300,933,48292,212773
0500000US37023,Burke County, North Carolina,3742,16.6,5,23466,27057,38120,8440,116400,642,17196,73269
0500000US37025,Cabarrus County, North Carolina,14026,31.2,4.1,31050,35003,53150,19706,189100,884,25749,134629
0500000US37027,Caldwell County, North Carolina,3033,15.3,3.8,22945,27238,39673,6477,115700,643,15466,71612
0500000US37029,Camden County, North Carolina,446,17.9,5.6,26951,40160,50696,923,210300,1045,1782,8400
0500000US37031,Carteret County, North Carolina,6060,28.4,3.7,32005,29659,46488,7872,207900,896,16237,59524
0500000US37033,Caswell County, North Carolina,771,15.5,3.7,22982,30205,40162,1481,109100,553,4590,13913
0500000US37035,Catawba County, North Carolina,7461,21.9,4.3,26950,30341,41977,15363,141900,724,26739,118864
0500000US37037,Chatham County, North Carolina,9861,41.3,3,39299,35224,53391,8151,265900,833,16306,49922
0500000US37039,Cherokee County, North Carolina,1786,19.2,3,22754,26163,37268,2634,152200,718,7817,25251
0500000US37041,Chowan County, North Carolina,642,19.8,5.7,24084,28758,45435,1061,124700,751,3322,8495
0500000US37043,Clay County, North Carolina,764,22.8,1.2,26590,26227,36055,1493,165900,714,3172,10133
0500000US37045,Cleveland County, North Carolina,4593,17.4,5.1,21920,28138,41018,8353,114300,698,17418,70967
0500000US37047,Columbus County, North Carolina,1599,13.1,3.3,22081,26780,36994,4553,87300,615,10792,33397
0500000US37049,Craven County, North Carolina,6300,25.7,4.2,28007,28013,37995,11631,158300,878,18543,67962
0500000US37051,Cumberland County, North Carolina,17792,25,4.8,24301,27781,37240,38063,132500,922,37300,146144
0500000US37053,Currituck County, North Carolina,1067,23.1,2.9,30017,36374,53340,2309,251800,1107,3996,22492
0500000US37055,Dare County, North Carolina,3065,33,3.4,33550,28330,41572,4039,287600,1086,7181,31294
0500000US37057,Davidson County, North Carolina,6215,18.5,4.3,25109,30920,41821,14087,137000,694,28859,132548
0500000US37059,Davie County, North Carolina,2579,22.9,3.3,29613,31442,45075,3108,172700,735,8313,35562
0500000US37061,Duplin County, North Carolina,1417,11.1,5.2,19455,22948,35769,4740,87000,666,10229,30570
0500000US37063,Durham County, North Carolina,46499,47.5,3.5,34063,35436,49654,41982,209300,1014,37056,129434
0500000US37065,Edgecombe County, North Carolina,1651,12.7,4.4,20055,25945,34290,4744,85200,677,9789,19394
0500000US37067,Forsyth County, North Carolina,31223,33.8,3.9,29921,31523,46933,43278,154500,791,56532,211844
0500000US37069,Franklin County, North Carolina,2930,21.3,3.3,26273,32218,46477,6504,143700,810,10417,41244
0500000US37071,Gaston County, North Carolina,9169,20.6,4.1,26069,30664,45892,21863,136500,808,33757,158164
0500000US37073,Gates County, North Carolina,488,14.4,4,25334,32099,49365,844,144000,794,2213,7288
0500000US37075,Graham County, North Carolina,317,13.5,3.4,19323,24607,36181,472,119200,556,1990,7428
0500000US37077,Granville County, North Carolina,2945,22.3,3.5,26228,32456,45027,4709,149400,805,9519,34254
0500000US37079,Greene County, North Carolina,372,10.5,5.1,18339,25533,38015,1894,85900,668,3195,9863
0500000US37081,Guilford County, North Carolina,43832,35.3,3.8,29708,30783,47922,61714,162400,850,75740,266383
0500000US37083,Halifax County, North Carolina,1726,14.4,4.4,21016,25349,36760,5296,86100,698,10103,19937
0500000US37085,Harnett County, North Carolina,5892,20.7,4.4,23011,30967,47350,13485,148400,864,15414,80530
0500000US37087,Haywood County, North Carolina,4495,25,2.6,29453,29189,47624,6382,175600,748,14548,56133
0500000US37089,Henderson County, North Carolina,9223,31.8,1.6,29860,30631,43056,13911,203400,823,28504,94557
0500000US37091,Hertford County, North Carolina,883,14.6,5.7,18918,22721,36714,1937,85400,733,4532,8078
0500000US37093,Hoke County, North Carolina,1941,18.4,4.7,20656,31097,43068,5468,139000,877,4819,21465
0500000US37095,Hyde County, North Carolina,97,9.4,5.3,18433,27563,44670,293,108300,801,887,3178
0500000US37097,Iredell County, North Carolina,9914,27.5,3.9,32006,32477,50671,17187,180700,854,26249,131544
0500000US37099,Jackson County, North Carolina,3808,30.5,2.6,24073,22209,38163,4329,192300,723,7976,34202
0500000US37101,Johnston County, North Carolina,7895,21.8,3.5,25847,31797,46648,17786,156800,848,24306,130482
0500000US37103,Jones County, North Carolina,287,13.1,4.7,21539,26361,40871,782,88700,644,2053,6041
0500000US37105,Lee County, North Carolina,2756,20.9,4.8,23842,27877,41252,5526,138300,749,9498,34901
0500000US37107,Lenoir County, North Carolina,1821,14.5,7.1,22361,25315,37636,6000,95700,724,10956,28294
0500000US37109,Lincoln County, North Carolina,3833,21.4,3.9,29089,33266,48847,7745,160800,726,13761,69273
0500000US37113,Macon County, North Carolina,2035,24.2,2.3,28429,25978,38272,3781,165800,747,9653,30726
0500000US37115,Madison County, North Carolina,1730,27.6,3.1,25326,26373,40976,1792,180400,678,4486,20140
0500000US37117,Martin County, North Carolina,1064,16.8,6,23269,26168,36515,2137,88400,671,5030,12003
0500000US37111,McDowell County, North Carolina,1621,16.9,3.1,22725,29196,37220,4028,113900,643,8795,39462
0500000US37119,Mecklenburg County, North Carolina,107805,44.8,4.1,37298,36728,54428,135992,219800,1099,112217,498733
0500000US37121,Mitchell County, North Carolina,702,18.8,2.2,23907,29182,41899,1364,150100,591,3609,13897
0500000US37123,Montgomery County, North Carolina,809,14.7,2.4,22760,27687,39875,2504,108300,575,5257,17296
0500000US37125,Moore County, North Carolina,10242,36.9,2.9,33432,33288,52608,10261,210200,855,22698,73821
0500000US37127,Nash County, North Carolina,4491,20.9,3.8,26980,28556,46052,9473,126200,769,16294,47356
0500000US37129,New Hanover County, North Carolina,19714,39.3,3.8,32629,30415,48309,29617,233700,978,37427,172855
0500000US37131,Northampton County, North Carolina,783,12.8,3.2,20538,26410,35692,1946,83100,701,4901,7805
0500000US37133,Onslow County, North Carolina,6693,21.4,4.5,23783,26029,31741,22311,153900,998,16797,128818
0500000US37135,Orange County, North Carolina,29091,57.6,2.8,40650,30990,58872,15916,292500,1077,18364,99124
0500000US37137,Pamlico County, North Carolina,723,19.4,3.8,27026,26200,37412,1162,154500,706,3583,9458
0500000US37139,Pasquotank County, North Carolina,2140,20.5,3.8,23699,30664,45551,4458,158700,864,6367,21648
0500000US37141,Pender County, North Carolina,4052,26.4,4.2,27724,29636,48996,5363,179500,895,10339,44138
0500000US37143,Perquimans County, North Carolina,638,20.4,3.4,25809,29651,49097,1417,169900,833,3583,9704
0500000US37145,Person County, North Carolina,1263,15.3,5.3,25922,32439,44558,3207,117100,711,7227,26088
0500000US37147,Pitt County, North Carolina,12101,31.8,5.9,25722,27376,44424,21239,141100,778,21939,96999
0500000US37149,Polk County, North Carolina,2012,31.7,2.7,30344,28150,41623,2079,212300,828,6016,17543
0500000US37151,Randolph County, North Carolina,4344,15.8,3.3,24127,29863,40793,13270,120800,672,24213,113446
0500000US37153,Richmond County, North Carolina,1426,13.9,5.1,20745,25951,38743,4225,80100,642,7692,25901
0500000US37155,Robeson County, North Carolina,3548,13.2,4.1,17881,26549,36339,11185,74600,626,18955,34012
0500000US37157,Rockingham County, North Carolina,2933,15,3.4,23604,28196,41356,8960,111400,658,17708,66181
0500000US37159,Rowan County, North Carolina,4872,18.7,4.6,25117,29776,42824,13767,130700,758,23456,101058
0500000US37161,Rutherford County, North Carolina,2687,17.3,4.4,22493,27022,40571,5944,114800,639,13755,55513
0500000US37163,Sampson County, North Carolina,1549,12.8,5,21950,24506,38208,5363,88800,651,10866,32569
0500000US37165,Scotland County, North Carolina,1355,15.5,6.2,18242,26579,39685,2993,84500,662,5960,15376
0500000US37167,Stanly County, North Carolina,1966,15.8,3.8,24671,29865,44696,5368,134100,712,11242,49409
0500000US37169,Stokes County, North Carolina,1058,13.3,3.7,25091,30766,42115,3807,128600,650,9098,41883
0500000US37171,Surry County, North Carolina,2827,16.8,2.4,23957,28852,40697,7328,121000,620,14189,60718
0500000US37173,Swain County, North Carolina,490,16,3.7,20984,23875,33787,1236,123200,634,2731,8868
0500000US37175,Transylvania County, North Carolina,3233,31.5,2.9,27050,22644,38240,3518,211300,720,9725,30264
0500000US37177,Tyrrell County, North Carolina,98,9.7,2.4,18682,23972,31104,325,109900,729,876,2197
0500000US37179,Union County, North Carolina,15444,34.8,3.6,34379,36323,58783,20184,229200,984,27269,164562
0500000US37181,Vance County, North Carolina,1262,12.9,5.5,23211,24509,35750,4031,97700,687,7746,17801
0500000US37183,Wake County, North Carolina,133971,51.8,3,39102,40849,62288,127097,265800,1102,113852,631197
0500000US37185,Warren County, North Carolina,760,15.5,4.3,22461,26916,40598,1737,95000,602,4736,7676
0500000US37187,Washington County, North Carolina,287,11.3,3.6,21043,23989,39806,1309,85000,646,2774,5404
0500000US37189,Watauga County, North Carolina,5449,41.6,4.2,24906,16947,39557,5569,239400,807,8200,49725
0500000US37191,Wayne County, North Carolina,4671,19.5,4.5,24124,26604,38878,11894,121900,750,19322,66640
0500000US37193,Wilkes County, North Carolina,2392,15.5,3.2,23745,27266,37415,6233,124000,625,14007,59940
0500000US37195,Wilson County, North Carolina,3132,19.6,4.7,24273,27236,40158,8822,121300,751,13809,38386
0500000US37197,Yadkin County, North Carolina,893,11.3,2.9,23566,31416,41462,3458,125800,625,7208,31807
0500000US37199,Yancey County, North Carolina,1014,20,4.1,23264,29258,40021,1672,149800,620,4379,16360
0500000US39001,Adams County, Ohio,848,12.9,3.6,21543,27569,42366,3044,100200,595,4711,26873
0500000US39003,Allen County, Ohio,5116,17.8,3.7,25662,28894,47528,11006,113500,687,17319,83961
0500000US39005,Ashland County, Ohio,2749,21.1,2.5,25471,29031,45253,5303,124900,730,9580,51166
0500000US39007,Ashtabula County, Ohio,3342,14.1,3.9,22817,28508,46254,9345,108300,679,17737,87980
0500000US39009,Athens County, Ohio,5930,29.7,4,20745,13159,44566,6102,122000,764,7964,59012
0500000US39011,Auglaize County, Ohio,2149,18.9,2.3,29908,36377,52489,4306,143800,688,7946,43853
0500000US39013,Belmont County, Ohio,2971,16.2,3.3,26106,27472,50838,5297,98500,633,13591,63576
0500000US39015,Brown County, Ohio,1407,14.2,3.3,25637,33774,49690,4381,124500,685,7612,42160
0500000US39017,Butler County, Ohio,26218,29.8,3.3,30777,33404,54119,36852,165900,863,52872,308495
0500000US39019,Carroll County, Ohio,1052,13.6,2.7,28421,30849,48887,2352,123900,694,5580,26549
0500000US39021,Champaign County, Ohio,1387,14.9,3.8,26515,31583,50207,3734,126200,698,6904,36308
0500000US39023,Clark County, Ohio,6678,18.6,4.4,25948,28837,48047,14417,111600,731,25265,113837
0500000US39025,Clermont County, Ohio,13467,28,2.8,32900,36270,53713,20575,164200,832,30876,190326
0500000US39027,Clinton County, Ohio,1742,18.7,3.8,26861,31401,47269,4297,125300,717,6750,39127
0500000US39029,Columbiana County, Ohio,3646,14.8,3.9,25853,28352,47799,9807,106700,650,20059,97786
0500000US39031,Coshocton County, Ohio,924,12.5,3.6,22471,27558,44543,3300,100000,612,6761,35105
0500000US39033,Crawford County, Ohio,1556,14.8,3.1,24513,28293,41023,4305,87200,648,8436,40093
0500000US39035,Cuyahoga County, Ohio,115856,31.9,5.2,31804,32258,52654,150022,128000,790,217416,742480
0500000US39037,Darke County, Ohio,1780,14.7,3,26262,30909,45641,5914,114900,671,9780,49769
0500000US39039,Defiance County, Ohio,1466,16.7,3,28491,31662,46688,3439,117700,695,6728,33123
0500000US39041,Delaware County, Ohio,25711,54.4,1.9,47183,51528,82556,19873,293900,1040,25025,168906
0500000US39043,Erie County, Ohio,4536,22.7,3.3,31677,31302,49191,6924,136700,739,15642,62585
0500000US39045,Fairfield County, Ohio,9691,27.2,2.8,31136,35837,56173,15012,173600,866,23108,132498
0500000US39047,Fayette County, Ohio,934,16.1,3.5,24931,31080,43703,3577,112700,715,4858,26524
0500000US39049,Franklin County, Ohio,122775,39.3,3.6,32552,34128,51959,167124,165800,942,146002,811321
0500000US39051,Fulton County, Ohio,1552,17.2,3.1,28411,31583,49689,3965,137000,707,7070,37727
0500000US39053,Gallia County, Ohio,1155,15.3,2.7,22588,27554,43593,2512,106200,675,5450,28216
0500000US39055,Geauga County, Ohio,8689,38.1,1.9,42149,40420,64106,7021,230200,815,17977,89866
0500000US39057,Greene County, Ohio,20681,39,3.4,34682,35017,61585,18200,168200,899,27076,139196
0500000US39059,Guernsey County, Ohio,1470,14.2,4,23599,29125,43295,3718,106600,670,7326,37043
0500000US39061,Hamilton County, Ohio,80285,37.1,4.1,34125,34021,53675,103199,149300,779,119690,531958
0500000US39063,Hancock County, Ohio,5136,26.7,2.8,30794,32467,50941,8897,139900,747,12284,67600
0500000US39065,Hardin County, Ohio,1286,16.6,3.6,22329,26742,48198,3055,98400,663,4805,30010
0500000US39067,Harrison County, Ohio,419,10.1,3,24108,30148,46875,1459,89800,617,3118,14537
0500000US39069,Henry County, Ohio,1212,18,2.7,28328,33220,51134,2216,121900,686,4811,24601
0500000US39071,Highland County, Ohio,1652,12.6,3.7,22624,27764,42642,4040,111700,680,7573,40987
0500000US39073,Hocking County, Ohio,950,14.8,3.4,24138,29561,45465,2795,126700,606,5219,27480
0500000US39075,Holmes County, Ohio,672,8.9,1.4,22923,28105,42459,2982,200700,639,5699,42926
0500000US39077,Huron County, Ohio,1847,13.6,3.1,25375,30154,44514,5638,120800,685,9536,52746
0500000US39079,Jackson County, Ohio,1081,15.3,6.2,22117,28782,42456,3104,94600,695,5326,31238
0500000US39081,Jefferson County, Ohio,2714,15.3,4.3,25658,27838,49093,6164,90000,650,13770,60487
0500000US39083,Knox County, Ohio,3004,22.8,3.2,25589,28386,49227,6069,147900,736,10538,58431
0500000US39085,Lake County, Ohio,16770,27.9,2.9,33737,36535,54390,22870,153100,881,43492,203808
0500000US39087,Lawrence County, Ohio,2256,14.3,3.3,23692,29124,42819,5261,103000,704,11025,57494
0500000US39089,Licking County, Ohio,10160,26.2,3.2,30338,33713,51895,16942,164100,832,27141,156063
0500000US39091,Logan County, Ohio,1577,16,3.1,27840,32667,46677,4943,129100,733,7712,42341
0500000US39093,Lorain County, Ohio,18850,24,3.9,29777,32055,54105,30199,145100,768,53050,240740
0500000US39095,Lucas County, Ohio,30014,26.3,4.7,28361,30366,50860,51231,113100,723,66474,297943
0500000US39097,Madison County, Ohio,1610,16.9,2.7,28331,34471,50389,4010,162200,795,6541,38991
0500000US39099,Mahoning County, Ohio,13481,24.1,4.8,27429,27664,48563,23689,103400,670,46245,175986
0500000US39101,Marion County, Ohio,2369,13.1,3.6,22878,29312,44133,6700,97500,721,11160,57826
0500000US39103,Medina County, Ohio,13325,33.3,2.2,35979,39030,61239,14894,189700,861,29672,166613
0500000US39105,Meigs County, Ohio,875,12.8,4.4,23897,29413,42288,2031,92900,585,4389,22399
0500000US39107,Mercer County, Ohio,1674,16.7,1.8,28513,32626,49895,4106,144100,677,6923,38988
0500000US39109,Miami County, Ohio,6162,22.6,2.9,29703,33588,51983,11220,145800,767,18836,96950
0500000US39111,Monroe County, Ohio,465,11.9,3.1,25141,26189,52138,1121,104700,577,3204,13706
0500000US39113,Montgomery County, Ohio,40353,27.4,4.4,28807,30864,50011,62700,115400,775,91990,378028
0500000US39115,Morgan County, Ohio,371,11.3,2.5,22454,26381,42397,1439,96500,588,2921,13559
0500000US39117,Morrow County, Ohio,963,13.5,2.4,27212,32293,48874,2636,144900,703,5627,33588
0500000US39119,Muskingum County, Ohio,3244,15.5,3.9,24080,28463,46476,9000,116200,685,14685,78838
0500000US39121,Noble County, Ohio,559,10.3,1.8,24616,20213,42488,782,98400,643,3737,13333
0500000US39123,Ottawa County, Ohio,2491,22.4,2.8,33081,32406,57758,3785,148400,724,9598,37579
0500000US39125,Paulding County, Ohio,561,14.1,2.8,25918,31380,47770,1582,94300,662,3368,17416
0500000US39127,Perry County, Ohio,1131,12.3,4.3,22659,30541,45304,3122,107600,616,5716,34804
0500000US39129,Pickaway County, Ohio,2616,18.6,2.3,26515,34273,50736,4569,157800,792,8681,53289
0500000US39131,Pike County, Ohio,1116,13.8,4.2,22301,29130,43245,2643,106500,656,4896,26881
0500000US39133,Portage County, Ohio,12125,28.7,4.1,29439,27960,50987,15991,157300,841,25025,145949
0500000US39135,Preble County, Ohio,1512,15.8,3.1,27031,31593,48923,3504,119300,717,7500,39771
0500000US39137,Putnam County, Ohio,1773,20.3,2,30064,36170,51907,2651,151600,683,5590,31281
0500000US39139,Richland County, Ohio,5152,17.8,3.6,24545,28809,44771,11438,105600,664,22951,103900
0500000US39141,Ross County, Ohio,3377,16.6,4,23756,31372,49867,7169,120900,727,12121,69055
0500000US39143,Sandusky County, Ohio,2126,16,3.1,26256,31584,51279,5588,113100,684,10577,50206
0500000US39145,Scioto County, Ohio,3462,15,3.9,23042,30425,48146,7440,94500,590,13232,71300
0500000US39147,Seneca County, Ohio,1986,15.2,3,25555,28273,45539,4940,101800,700,9434,49919
0500000US39149,Shelby County, Ohio,2176,17.4,3.1,29008,33267,49633,4599,139100,731,7570,45365
0500000US39151,Stark County, Ohio,21734,22.8,3.8,28434,30450,49253,39162,130700,728,69336,323197
0500000US39153,Summit County, Ohio,44088,32.1,3.6,32055,32699,53571,63481,140700,806,92166,419051
0500000US39155,Trumbull County, Ohio,8862,18.5,2.9,26116,29886,46181,20758,102500,659,41230,176071
0500000US39157,Tuscarawas County, Ohio,3680,15.8,2.6,26034,30492,45872,8403,121900,756,17458,87645
0500000US39159,Union County, Ohio,4051,33,1.7,34691,41183,63412,5090,196500,943,6508,50010
0500000US39161,Van Wert County, Ohio,1045,16.2,2.8,26698,31482,45029,2616,102400,690,5125,26619
0500000US39163,Vinton County, Ohio,308,11.5,5.4,20823,27839,37101,1027,90600,623,2153,12668
0500000US39165,Warren County, Ohio,24040,42.3,2.3,39448,44497,69570,21556,210900,1035,30752,196153
0500000US39167,Washington County, Ohio,2822,19.2,2.2,27860,29675,47838,5671,125600,659,12162,57721
0500000US39169,Wayne County, Ohio,6242,21.9,2.5,26822,30169,47418,10668,145700,728,19566,108896
0500000US39171,Williams County, Ohio,1457,15,2.7,25428,30721,43889,4222,98300,684,6651,34296
0500000US39173,Wood County, Ohio,11211,33.1,3.2,31324,28921,55222,14021,157900,786,18822,114927
0500000US39175,Wyandot County, Ohio,802,15.7,2.4,27037,33669,43151,2054,115800,625,4059,21013
0500000US42001,Adams County, Pennsylvania,6879,22.4,2.8,30534,32356,50737,8970,201900,910,19596,91088
0500000US42003,Allegheny County, Pennsylvania,149553,40.7,3.4,36907,36815,57631,138176,147700,865,221970,965283
0500000US42005,Armstrong County, Pennsylvania,2638,16.2,3.6,26465,31747,47708,5513,103600,656,13954,64441
0500000US42007,Beaver County, Pennsylvania,9087,23.7,3.1,30016,34380,53894,15602,133600,682,34142,149576
0500000US42011,Berks County, Pennsylvania,24089,24.5,4.3,30187,33275,51512,35413,174200,918,69086,301862
0500000US42013,Blair County, Pennsylvania,6049,20.8,2.9,26648,29944,46901,12217,120300,711,24518,117242
0500000US42015,Bradford County, Pennsylvania,2638,17.8,2.7,27319,31495,47113,5426,146200,711,12422,58839
0500000US42017,Bucks County, Pennsylvania,73113,40.5,3.1,44103,43549,68137,51949,323300,1207,110321,528976
0500000US42019,Butler County, Pennsylvania,16706,35.4,2.7,36383,38154,62268,17861,197600,836,33045,176963
0500000US42021,Cambria County, Pennsylvania,7689,21.4,3.6,25779,29026,46640,12330,90900,620,28785,124880
0500000US42023,Cameron County, Pennsylvania,151,15.9,2,25898,26383,42003,422,75800,603,1226,4509
0500000US42025,Carbon County, Pennsylvania,3101,16.8,4.2,26867,32684,47422,5559,141600,800,12880,58887
0500000US42027,Centre County, Pennsylvania,20814,44.7,2.4,29432,25475,50966,17452,220500,966,21423,138021
0500000US42029,Chester County, Pennsylvania,73648,51.8,3,48225,46551,75228,45723,347000,1287,79856,412881
0500000US42031,Clarion County, Pennsylvania,2543,22.7,3.8,24293,26984,41429,3749,114300,628,7260,37298
0500000US42035,Clinton County, Pennsylvania,1688,19,3.3,23780,27116,45743,3313,130900,724,7035,37217
0500000US42037,Columbia County, Pennsylvania,3668,22.5,2.8,25794,30988,47791,6754,149100,762,12183,61794
0500000US42039,Crawford County, Pennsylvania,4720,20.8,3.4,25731,29225,44624,8098,110900,658,16718,81753
0500000US42041,Cumberland County, Pennsylvania,23801,35.8,2.5,36012,36432,55792,25874,197900,973,44001,213477
0500000US42043,Dauphin County, Pennsylvania,21492,30.5,3.3,32485,34970,51809,28766,165200,922,44262,182277
0500000US42045,Delaware County, Pennsylvania,62717,38.3,3.9,38251,39010,62821,49216,239600,1055,88412,380020
0500000US42047,Elk County, Pennsylvania,1244,18.6,2.4,28476,34207,46967,2791,99000,589,6452,29827
0500000US42049,Erie County, Pennsylvania,18416,27.7,3.6,27349,29224,49367,26646,130000,737,46335,233112
0500000US42051,Fayette County, Pennsylvania,4935,16.2,3.9,25876,30661,48611,11881,97200,657,26611,121580
0500000US42053,Forest County, Pennsylvania,153,7.4,0.9,15360,16094,34625,234,89500,571,1626,4518
0500000US42055,Franklin County, Pennsylvania,9030,21,3.3,29748,33822,49430,14580,175600,868,28920,135872
0500000US42057,Fulton County, Pennsylvania,634,13.4,3.3,26082,32402,45827,1070,156800,680,2992,13954
0500000US42059,Greene County, Pennsylvania,1612,18.2,2.2,26902,31355,53492,3309,114400,655,6672,34741
0500000US42061,Huntingdon County, Pennsylvania,1853,16.9,3.3,24159,27898,45469,3599,126800,625,9072,41240
0500000US42063,Indiana County, Pennsylvania,5211,22.6,4.1,25276,23322,46700,6871,115500,705,15612,80563
0500000US42065,Jefferson County, Pennsylvania,1805,16.4,2.5,24974,30395,46348,3901,99800,632,8860,42865
0500000US42067,Juniata County, Pennsylvania,927,14.2,2.3,25057,31527,42369,1981,145300,663,4770,23195
0500000US42069,Lackawanna County, Pennsylvania,15277,27.7,2.8,28427,31608,48373,20474,149700,779,40774,181500
0500000US42071,Lancaster County, Pennsylvania,35358,26.9,2.6,30778,32952,52673,52581,200400,978,92310,443218
0500000US42073,Lawrence County, Pennsylvania,4428,21.4,3.6,27734,30484,51357,7741,106500,695,18408,80451
0500000US42075,Lebanon County, Pennsylvania,7088,20.3,3.4,28560,32131,50990,13049,169200,844,26068,114749
0500000US42077,Lehigh County, Pennsylvania,28425,29.4,4.2,32252,34086,52893,35728,200100,1031,58706,237655
0500000US42079,Luzerne County, Pennsylvania,19732,23.2,3.8,27919,31415,46341,28612,125400,767,61573,262783
0500000US42081,Lycoming County, Pennsylvania,6267,22.8,3.1,26867,30139,48813,10575,152400,784,21245,104011
0500000US42083,McKean County, Pennsylvania,1990,18.1,3.9,25517,28684,45609,4061,79800,644,7740,39083
0500000US42085,Mercer County, Pennsylvania,6425,22.6,3,26561,27572,48416,9903,119600,679,23322,101580
0500000US42087,Mifflin County, Pennsylvania,1197,12.5,2.1,24407,29102,41940,4607,109900,665,9633,44508
0500000US42089,Monroe County, Pennsylvania,10121,24.4,4.8,28486,32092,50930,11818,167000,1087,27248,111965
0500000US42091,Montgomery County, Pennsylvania,122937,48.7,3.2,46776,46627,70724,78940,305800,1253,139629,625341
0500000US42093,Montour County, Pennsylvania,2045,32.8,1.3,34095,35824,54435,1809,181500,742,3737,16775
0500000US42095,Northampton County, Pennsylvania,22444,29.2,3.3,34017,35219,54475,25623,214200,1046,54951,233249
0500000US42097,Northumberland County, Pennsylvania,3879,16,2.6,25506,31052,44418,8819,115200,653,18885,85698
0500000US42099,Perry County, Pennsylvania,1694,16.4,2.4,29685,35733,51937,3919,166200,782,8002,43890
0500000US42101,Philadelphia County, Pennsylvania,126796,28.6,6.2,26557,31632,47712,168943,156800,1007,207563,545784
0500000US42103,Pike County, Pennsylvania,4315,28,4.2,33111,32090,58321,4485,187000,1197,11899,44791
0500000US42105,Potter County, Pennsylvania,718,15.5,3.4,24087,28530,42382,1367,105500,683,3860,16365
0500000US42107,Schuylkill County, Pennsylvania,5738,16.2,3.5,26070,32737,48690,12555,97400,691,28263,131191
0500000US42109,Snyder County, Pennsylvania,1689,18.4,1.7,26415,29902,43197,3518,161400,728,7206,38472
0500000US42111,Somerset County, Pennsylvania,2918,15.5,3,25294,28394,43585,5857,104300,601,15931,70744
0500000US42113,Sullivan County, Pennsylvania,276,17.3,4.2,28665,30548,44324,580,151800,628,1665,5737
0500000US42115,Susquehanna County, Pennsylvania,2013,17.8,3.4,29630,30766,46385,3238,162500,733,9172,39829
0500000US42117,Tioga County, Pennsylvania,2048,19.1,3.3,26059,29092,46699,3480,138700,726,8578,39669
0500000US42119,Union County, Pennsylvania,3678,25.5,1.8,25606,25383,45110,3474,180200,743,7750,38002
0500000US42121,Venango County, Pennsylvania,2236,17.6,3.8,25837,29134,42593,4401,85700,621,11027,50245
0500000US42123,Warren County, Pennsylvania,1850,19.3,3,27593,29297,45967,3737,95400,594,8707,38753
0500000US42125,Washington County, Pennsylvania,15187,29.5,3.1,34244,35066,57998,19218,162600,746,40748,191657
0500000US42127,Wayne County, Pennsylvania,3162,20.4,3.1,26570,29602,47290,3809,181000,816,11809,46773
0500000US42129,Westmoreland County, Pennsylvania,26987,28.5,2.7,32916,35186,54651,31950,148900,709,76650,333282
0500000US42131,Wyoming County, Pennsylvania,1346,19.6,3.5,28810,31080,50731,2127,164000,809,5433,26401
0500000US42133,York County, Pennsylvania,25838,24.2,3.3,31468,35771,53341,40540,173200,937,73958,372226
0500000US51001,Accomack County, Virginia,1757,18.5,2.3,24355,27643,37064,3076,165000,797,7171,19691
0500000US51003,Albemarle County, Virginia,18760,53.5,1.8,42085,37117,62403,11755,344500,1244,18447,81835
0500000US51005,Alleghany County, Virginia,564,15.4,2.8,26918,31508,48761,1575,116500,676,3561,13992
0500000US51007,Amelia County, Virginia,563,15.9,1.7,29114,37115,51431,726,204400,808,2425,9426
0500000US51009,Amherst County, Virginia,1422,19.2,3.6,24343,28913,43763,2580,153300,741,6384,23951
0500000US51011,Appomattox County, Virginia,872,19.8,2.2,26890,33008,51070,1506,155300,723,3100,11945
0500000US51013,Arlington County, Virginia,68437,74.6,2.3,69051,69937,96643,38004,669400,1936,23483,143154
0500000US51015,Augusta County, Virginia,4587,23.5,2.1,29366,32805,47946,6430,212300,885,14821,68097
0500000US51017,Bath County, Virginia,117,14.9,5.4,29127,30778,39010,381,151500,485,865,4033
0500000US51021,Bland County, Virginia,223,17.4,3.5,24275,31136,50468,569,102400,663,1407,6211
0500000US51023,Botetourt County, Virginia,2652,28.7,2.4,33983,37200,55778,3012,225200,890,7053,30848
0500000US51025,Brunswick County, Virginia,667,14.3,3.5,20657,23883,41660,1315,110800,679,3367,6780
0500000US51027,Buchanan County, Virginia,652,10.6,3,18865,27650,41772,1473,70800,598,4562,21059
0500000US51029,Buckingham County, Virginia,533,11.3,3.5,19734,27739,38737,1303,127300,726,3107,10396
0500000US51031,Campbell County, Virginia,3005,22.5,2.3,27842,31351,46617,5605,155000,762,10556,44142
0500000US51033,Caroline County, Virginia,1147,20.1,3.3,31536,35120,46429,2769,195100,1050,4808,19163
0500000US51035,Carroll County, Virginia,730,13.1,1.9,24868,28897,38294,2429,109200,556,6876,28174
0500000US51036,Charles City County, Virginia,265,13.3,2.9,37059,33997,49349,436,168900,780,1602,2925
0500000US51037,Charlotte County, Virginia,258,10.2,3.1,20585,26273,38638,821,107400,636,2604,8189
0500000US51041,Chesterfield County, Virginia,33894,39.9,3.4,36641,40641,58116,32799,231700,1226,47282,211628
0500000US51043,Clarke County, Virginia,1612,32.2,2.4,39946,38845,58427,1469,335600,1120,2889,12427
0500000US51045,Craig County, Virginia,171,18.5,0.7,28686,36660,51953,589,171400,568,1184,5092
0500000US51047,Culpeper County, Virginia,3219,24.7,3.5,30812,36250,59891,4582,285300,1141,7561,35647
0500000US51049,Cumberland County, Virginia,558,17.5,4.3,25177,28640,39399,1161,146300,847,2070,6193
0500000US51051,Dickenson County, Virginia,395,10,2.1,22924,29182,45098,1274,75700,565,3104,14612
0500000US51053,Dinwiddie County, Virginia,1234,17.2,4.4,27106,31223,51150,1838,162300,948,4706,17498
0500000US51057,Essex County, Virginia,350,16.5,3.1,26603,30558,46146,1094,188100,868,2379,6049
0500000US51059,Fairfax County, Virginia,235161,61.1,3,54725,54653,88773,111387,550000,1851,144212,585961
0500000US51061,Fauquier County, Virginia,6305,35.9,2.3,44724,46502,73114,6255,384100,1255,10890,55571
0500000US51063,Floyd County, Virginia,1041,22.3,1.4,26134,31545,43273,1334,170000,639,3407,14625
0500000US51065,Fluvanna County, Virginia,2960,34.5,3.1,39900,40335,53892,2528,230600,1124,4985,20631
0500000US51069,Frederick County, Virginia,6767,28.1,2.4,33961,38195,54682,8084,245100,1122,13804,71448
0500000US51071,Giles County, Virginia,848,18.2,2.6,26459,32817,48588,1465,121000,713,3527,15968
0500000US51073,Gloucester County, Virginia,2553,22.8,1.7,33295,37582,54775,3851,228300,983,6788,31556
0500000US51075,Goochland County, Virginia,2376,39.2,1.9,47806,40749,68531,1847,344000,1197,4686,17458
0500000US51077,Grayson County, Virginia,365,12.5,3.3,20930,25343,35325,1144,95100,530,3680,14221
0500000US51079,Greene County, Virginia,1774,27.8,3.4,32565,36027,51082,1739,238300,1015,3135,16069
0500000US51081,Greensville County, Virginia,284,9,2.8,17500,23067,35648,794,96400,810,1720,4286
0500000US51083,Halifax County, Virginia,1430,15.9,2.3,22716,30784,42674,2442,112700,644,7951,20776
0500000US51650,Hampton city, Virginia,9568,26.8,4.4,28384,31003,47507,16155,186400,1100,19719,52397
0500000US51085,Hanover County, Virginia,9483,39.2,2,39604,44032,65828,8684,275800,1155,17287,87880
0500000US51087,Henrico County, Virginia,37236,42.9,3.7,37999,38846,57025,35604,233400,1128,47493,174734
0500000US51089,Henry County, Virginia,1690,12.8,4.3,21501,26248,37823,4062,94200,592,11897,36240
0500000US51091,Highland County, Virginia,179,23.1,0.3,30967,28176,39286,184,180100,561,814,2203
0500000US51093,Isle of Wight County, Virginia,3133,28.2,5,35344,40056,58027,3639,262300,1036,6528,25742
0500000US51095,James City County, Virginia,12099,49.6,2.3,43815,36326,65214,8676,339600,1248,17930,56209
0500000US51097,King and Queen County, Virginia,356,19.8,3.3,27306,35792,45250,525,161800,893,1572,4655
0500000US51099,King George County, Virginia,2186,34.6,2.7,37316,41253,68955,2001,301600,1193,3221,19069
0500000US51101,King William County, Virginia,679,20.4,1.9,32809,38554,50738,1389,206100,1079,2532,12573
0500000US51103,Lancaster County, Virginia,1263,30.9,1.6,37196,28399,42090,1213,237700,817,3836,7319
0500000US51105,Lee County, Virginia,564,11.4,4.3,18750,22563,34635,1731,88000,538,4759,22410
0500000US51107,Loudoun County, Virginia,63098,60.8,2.6,53408,61173,101373,42875,492300,1813,33265,218954
0500000US51109,Louisa County, Virginia,2259,23.4,3.8,31284,33562,50160,3096,218100,910,6684,27338
0500000US51111,Lunenburg County, Virginia,244,10.6,2,18677,28960,37400,835,116000,706,2578,7343
0500000US51113,Madison County, Virginia,828,24.2,3.3,30351,27312,50959,1071,253000,740,2769,11140
0500000US51115,Mathews County, Virginia,694,28,1.4,39119,38435,54559,605,224800,953,2621,7534
0500000US51117,Mecklenburg County, Virginia,1320,18.4,2.2,23943,27797,40052,2494,133200,693,7713,18546
0500000US51119,Middlesex County, Virginia,693,21.8,2.2,29707,29733,44391,722,263900,868,3304,8286
0500000US51121,Montgomery County, Virginia,13139,45.8,2.7,28920,22808,53864,10981,221900,972,11648,81916
0500000US51125,Nelson County, Virginia,1678,32.1,2.3,36002,30912,42160,1213,243800,698,3727,12087
0500000US51127,New Kent County, Virginia,1643,28.4,2.9,36458,43491,58726,1628,264800,987,3433,16736
0500000US51700,Newport News city, Virginia,10866,25.5,4.2,26993,30483,45185,22562,193100,1008,22294,78214
0500000US51710,Norfolk city, Virginia,16811,28,4.6,28508,27410,40073,29042,199400,1031,25928,106733
0500000US51131,Northampton County, Virginia,708,21.6,1.6,26467,29073,37356,1310,164000,736,3060,6469
0500000US51133,Northumberland County, Virginia,1090,28.5,3.1,34006,30873,50368,891,285900,820,4405,8526
0500000US51135,Nottoway County, Virginia,472,12.7,1.7,23109,26623,43526,1299,139900,775,2870,8442
0500000US51137,Orange County, Virginia,2404,24.3,3.6,31362,34851,53562,3970,233800,973,6992,27944
0500000US51139,Page County, Virginia,842,13.9,3.8,25021,27994,41734,1659,168700,780,4877,22380
0500000US51141,Patrick County, Virginia,737,13.9,2.9,23016,27563,40158,1393,116400,549,4538,16026
0500000US51143,Pittsylvania County, Virginia,2130,13.9,3.5,24443,27775,43236,5233,117400,696,13017,45710
0500000US51145,Powhatan County, Virginia,1734,28.8,1.4,35641,43184,64180,2284,271400,1046,4980,24339
0500000US51147,Prince Edward County, Virginia,1816,28.1,3,21216,17088,41434,1538,161400,802,3598,14161
0500000US51149,Prince George County, Virginia,2035,24,3.9,28873,34696,46870,2707,218200,1318,4918,20903
0500000US51153,Prince William County, Virginia,47339,40.1,3.4,39262,44608,67281,43239,369300,1675,41803,199529
0500000US51155,Pulaski County, Virginia,1777,19.4,3.5,26609,31475,47234,3400,144800,657,7510,31097
0500000US51157,Rappahannock County, Virginia,763,32.9,2.3,37733,33467,59423,520,359800,1049,1877,6532
0500000US51159,Richmond County, Virginia,384,15.7,0.9,22105,28837,35851,708,181900,872,1846,5399
0500000US51161,Roanoke County, Virginia,8252,34.8,2.3,34901,39722,53429,9303,194800,949,19088,80644
0500000US51163,Rockbridge County, Virginia,1908,26.5,3.3,31594,29842,42223,1923,213000,728,5600,20839
0500000US51165,Rockingham County, Virginia,5712,25.9,2.3,30138,31610,46593,7300,210000,861,14688,70771
0500000US51167,Russell County, Virginia,786,13.5,3,21754,29939,45716,2293,96900,563,5493,26529
0500000US51169,Scott County, Virginia,789,14.4,2.7,21157,26396,43896,1718,94400,553,4999,21291
0500000US51171,Shenandoah County, Virginia,2023,20.1,3,28064,31505,46159,4426,207900,854,9018,37872
0500000US51173,Smyth County, Virginia,1261,14.3,3,22297,26545,38662,2733,95000,595,6503,29243
0500000US51175,Southampton County, Virginia,769,17.8,2.3,25643,31628,47941,1345,169500,759,3371,10934
0500000US51177,Spotsylvania County, Virginia,10782,31.5,3.6,35794,40351,63714,11580,276800,1435,17384,90393
0500000US51179,Stafford County, Virginia,15207,39.8,2.7,40850,48034,76899,13916,334600,1543,14086,90152
0500000US51800,Suffolk city, Virginia,6966,28.1,4,32894,39190,57899,9216,246600,1135,12250,44134
0500000US51181,Surry County, Virginia,308,17.6,4.1,28688,33175,54025,562,190400,923,1364,3457
0500000US51183,Sussex County, Virginia,400,12.6,3.2,18363,19594,41010,879,126300,791,1936,4392
0500000US51185,Tazewell County, Virginia,1640,15.3,3.7,23366,28494,42441,3610,95300,654,8722,39524
0500000US51810,Virginia Beach city, Virginia,38528,35.2,3.1,36268,36999,53181,50040,274300,1339,59534,279288
0500000US51187,Warren County, Virginia,1782,21.1,3.9,31007,36385,57491,3189,240000,956,6021,34371
0500000US51191,Washington County, Virginia,3522,22.5,3.3,26085,28079,44498,5031,141300,684,11752,51854
0500000US51193,Westmoreland County, Virginia,956,20.3,4.3,32637,31979,48822,1769,210900,1009,4259,11275
0500000US51195,Wise County, Virginia,1556,14.5,4.1,21828,26986,40925,3609,85600,629,6583,35744
0500000US51197,Wythe County, Virginia,1536,18.5,3.9,26513,28994,40649,2155,130800,655,5907,27172
0500000US51199,York County, Virginia,9683,45.4,3.7,39071,42507,68404,5979,324400,1456,10313,48240
0500000US55001,Adams County, Wisconsin,659,12.4,3.5,25591,24309,42414,2064,125100,710,5619,18200
0500000US55003,Ashland County, Wisconsin,829,21.1,3.6,23505,26189,43955,1686,110100,636,2864,12958
0500000US55005,Barron County, Wisconsin,2112,19.9,2,28326,30534,42091,4393,150200,669,9476,42355
0500000US55007,Bayfield County, Wisconsin,1234,30.5,2.7,29886,28289,46098,1411,166300,664,3891,12712
0500000US55009,Brown County, Wisconsin,15464,29.6,2.4,31213,34084,50729,30215,167000,772,36047,211094
0500000US55011,Buffalo County, Wisconsin,589,17.9,1.3,29613,33851,46188,1278,155900,740,2788,12626
0500000US55013,Burnett County, Wisconsin,731,20,2.7,28424,28699,46755,1648,156100,735,4173,13808
0500000US55015,Calumet County, Wisconsin,2341,28.7,1.6,34015,40369,55303,4627,173200,764,6933,45371
0500000US55017,Chippewa County, Wisconsin,2689,20.1,2.1,28277,31758,47000,6853,159000,798,10768,59628
0500000US55019,Clark County, Wisconsin,722,11.5,1.9,24114,30764,42125,2808,121300,611,5587,32194
0500000US55021,Columbia County, Wisconsin,2766,23.2,2.3,33012,37031,52104,5463,187000,793,9671,52888
0500000US55023,Crawford County, Wisconsin,626,17.8,2,26038,29187,43383,1533,131100,605,3532,15409
0500000US55025,Dane County, Wisconsin,70511,50.7,2.3,38757,36936,58236,69934,252300,1031,67689,422848
0500000US55027,Dodge County, Wisconsin,3064,16.5,2.8,28543,34340,47535,8521,159100,799,14626,79065
0500000US55029,Door County, Wisconsin,2523,32.1,2.3,36155,31638,51021,2922,207100,770,7690,25812
0500000US55031,Douglas County, Wisconsin,2422,24,2.7,28888,31645,50625,4537,143700,748,7600,39819
0500000US55033,Dunn County, Wisconsin,2696,28,2.4,27107,26121,48254,4496,161800,774,6688,41357
0500000US55035,Eau Claire County, Wisconsin,7271,31.8,2.6,29524,27858,49026,11760,161600,808,15201,92950
0500000US55037,Florence County, Wisconsin,157,18.3,3.3,30674,28198,46378,393,130800,455,1083,4223
0500000US55039,Fond du Lac County, Wisconsin,4766,22.7,2.5,30454,33602,51469,10542,152900,738,17808,92042
0500000US55041,Forest County, Wisconsin,360,15.6,3.6,24808,27487,41097,828,130200,495,2029,7160
0500000US55043,Grant County, Wisconsin,2679,23,2,24974,26988,44021,4591,144000,698,8591,49313
0500000US55045,Green County, Wisconsin,1953,23,1.5,31959,34998,47789,3908,166900,742,6468,34811
0500000US55047,Green Lake County, Wisconsin,797,19.3,1.8,27915,31687,47766,1860,142600,704,4016,17360
0500000US55049,Iowa County, Wisconsin,1434,24.3,2.2,33674,35925,51450,2219,174500,762,4088,22534
0500000US55051,Iron County, Wisconsin,287,20,4,28550,27694,42632,601,113100,535,1675,5465
0500000US55053,Jackson County, Wisconsin,770,14.4,3,26037,30040,42571,1974,133200,668,3712,17692
0500000US55055,Jefferson County, Wisconsin,4336,24.8,2.5,30329,32958,49556,8720,184300,854,13470,75987
0500000US55057,Juneau County, Wisconsin,773,13.6,2.2,26137,30132,42614,2673,124100,761,5239,24238
0500000US55059,Kenosha County, Wisconsin,9774,25.7,4.6,30740,32350,52116,17434,169000,896,22280,128019
0500000US55061,Kewaunee County, Wisconsin,611,19.1,1.9,30098,35735,50923,1735,157700,663,3929,19289
0500000US55063,La Crosse County, Wisconsin,9492,34.3,2.7,31001,29729,48675,13090,167100,816,18109,106101
0500000US55065,Lafayette County, Wisconsin,700,18.9,1.5,28198,32345,44215,1661,134600,686,2941,15787
0500000US55067,Langlade County, Wisconsin,893,16.5,4.2,26212,29295,42169,2063,113200,629,4353,18023
0500000US55069,Lincoln County, Wisconsin,1144,18.3,2.4,29642,32327,48551,2810,139800,650,5703,26617
0500000US55071,Manitowoc County, Wisconsin,3149,19.9,1.9,28803,34303,47811,8507,127200,650,15309,72170
0500000US55073,Marathon County, Wisconsin,7586,25.6,2.3,31879,34292,48523,13120,152000,733,22508,120282
0500000US55075,Marinette County, Wisconsin,1286,15,2.8,26959,31667,49107,4435,117100,681,9156,38673
0500000US55077,Marquette County, Wisconsin,459,14.2,3,26068,30639,45219,1389,150300,691,3595,14211
0500000US55078,Menominee County, Wisconsin,199,17.2,3,20538,26492,34083,348,103300,494,575,447
0500000US55079,Milwaukee County, Wisconsin,70306,30.5,4,28121,31781,48241,119840,153600,864,123013,493723
0500000US55081,Monroe County, Wisconsin,1850,19.9,2.3,27729,34149,46417,4626,149400,817,7337,41352
0500000US55083,Oconto County, Wisconsin,1266,16,2.3,29392,35007,49523,3295,155300,667,7326,35731
0500000US55085,Oneida County, Wisconsin,2550,27.1,1.7,32784,29682,48298,3300,167800,761,8837,33586
0500000US55087,Outagamie County, Wisconsin,10745,28.9,2,32098,36156,54356,20417,163800,789,25661,162129
0500000US55089,Ozaukee County, Wisconsin,11449,48.4,2,47980,42022,73914,8768,273000,903,16411,80956
0500000US55091,Pepin County, Wisconsin,317,19.2,1.7,29227,32136,49167,581,148700,590,1543,7017
0500000US55093,Pierce County, Wisconsin,2456,28.2,1.8,32525,32076,56465,3778,197500,853,5692,39270
0500000US55095,Polk County, Wisconsin,1990,20.4,2.6,29489,34104,49472,4311,164700,751,8427,41233
0500000US55097,Portage County, Wisconsin,4504,32,2.5,29742,28408,49604,6371,163300,743,10985,64422
0500000US55099,Price County, Wisconsin,447,16.9,1.3,27569,30307,45909,1233,122700,623,3299,12719
0500000US55101,Racine County, Wisconsin,10860,24.7,3.1,30386,34616,54259,19216,169900,855,30527,141413
0500000US55103,Richland County, Wisconsin,870,18.9,1.6,26379,30561,44446,1721,136800,628,3759,16620
0500000US55105,Rock County, Wisconsin,8033,21.8,3.7,28103,31527,49617,16974,139800,803,25528,134381
0500000US55107,Rusk County, Wisconsin,541,15.8,2.2,24731,28596,41658,1463,110400,680,3283,13451
0500000US55111,Sauk County, Wisconsin,3287,23.8,2.3,29608,32297,47810,6578,174500,780,11182,58000
0500000US55113,Sawyer County, Wisconsin,993,23.2,3.3,30094,26241,43197,1846,164700,646,4054,12559
0500000US55115,Shawano County, Wisconsin,1714,16.1,1.6,28051,31371,44997,3498,136600,618,8340,35637
0500000US55117,Sheboygan County, Wisconsin,5710,23.9,2.4,30151,35386,51465,12074,153700,706,19559,97489
0500000US55109,St. Croix County, Wisconsin,5859,33.7,1.8,37419,41690,61922,9210,233600,947,11411,82704
0500000US55119,Taylor County, Wisconsin,633,14.7,2.5,26881,32210,42088,1889,131900,643,3713,19547
0500000US55121,Trempealeau County, Wisconsin,1088,19.4,2,27733,34689,45926,2910,151400,719,5121,26497
0500000US55123,Vernon County, Wisconsin,1533,21.8,1.6,26726,30934,44596,2929,152300,683,5681,29385
0500000US55125,Vilas County, Wisconsin,1619,27.1,3.9,31206,25605,44632,2548,206900,692,6513,18326
0500000US55127,Walworth County, Wisconsin,7059,28.3,2.8,30593,29427,49695,10334,196400,861,16928,88085
0500000US55129,Washburn County, Wisconsin,842,22.3,2.5,29336,30634,46517,1653,152700,679,3913,14806
0500000US55131,Washington County, Wisconsin,8424,30.7,2,37631,41384,60361,13249,225800,895,22636,125160
0500000US55133,Waukesha County, Wisconsin,42525,43.8,2,44301,43976,69071,37827,272100,1014,69991,354230
0500000US55135,Waupaca County, Wisconsin,1988,19.1,2,30627,33090,52082,5314,145600,697,10311,48571
0500000US55137,Waushara County, Wisconsin,1010,15.7,2.2,27347,29540,48183,1968,143100,670,5624,21596
0500000US55139,Winnebago County, Wisconsin,8825,27.3,2.2,33000,32035,51009,19157,149500,744,26174,151159
0500000US55141,Wood County, Wisconsin,4133,21.6,2.4,30006,32891,49649,7972,129900,696,14436,67746